iso1,iso2,weight
ABW,AUT,74.0
ABW,BEL,74.0
ABW,BGR,74.0
ABW,CYP,74.0
ABW,CZE,74.0
ABW,DEU,74.0
ABW,DNK,74.0
ABW,ESP,74.0
ABW,EST,74.0
ABW,FIN,74.0
ABW,FRA,74.0
ABW,GRC,74.0
ABW,HRV,74.0
ABW,HUN,74.0
ABW,IRL,74.0
ABW,ITA,74.0
ABW,LTU,74.0
ABW,LUX,74.0
ABW,LVA,74.0
ABW,MLT,74.0
ABW,NLD,74.0
ABW,POL,74.0
ABW,PRT,74.0
ABW,ROU,74.0
ABW,SVK,74.0
ABW,SVN,74.0
ABW,SWE,74.0
AUT,AIA,74.0
AUT,ALB,170.0
AUT,AND,39.0
AUT,ARM,299.0
AUT,ATG,283.0
AUT,BEL,160.0
AUT,BGR,151.0
AUT,BHS,283.0
AUT,BIH,196.0
AUT,BLZ,283.0
AUT,BMU,74.0
AUT,BRB,283.0
AUT,BWA,136.0
AUT,CAN,432.0
AUT,CHE,201.0
AUT,CHL,262.0
AUT,CIV,86.0
AUT,CMR,118.0
AUT,COL,355.0
AUT,COM,84.0
AUT,CRI,352.0
AUT,CYM,74.0
AUT,CYP,152.0
AUT,CZE,152.0
AUT,DEU,160.0
AUT,DMA,283.0
AUT,DNK,160.0
AUT,DOM,283.0
AUT,DZA,153.0
AUT,ECU,355.0
AUT,EGY,141.0
AUT,ESP,160.0
AUT,EST,152.0
AUT,FIN,160.0
AUT,FJI,101.0
AUT,FRA,160.0
AUT,FRO,69.0
AUT,GBR,409.0
AUT,GEO,332.0
AUT,GHA,77.0
AUT,GRC,160.0
AUT,GRD,283.0
AUT,GRL,74.0
AUT,GTM,352.0
AUT,GUY,283.0
AUT,HND,352.0
AUT,HRV,150.0
AUT,HTI,283.0
AUT,HUN,152.0
AUT,IRL,160.0
AUT,ISL,201.0
AUT,ISR,135.0
AUT,ITA,160.0
AUT,JAM,283.0
AUT,JOR,169.0
AUT,JPN,422.0
AUT,KNA,283.0
AUT,KOR,344.0
AUT,LBN,106.0
AUT,LCA,283.0
AUT,LIE,201.0
AUT,LSO,136.0
AUT,LTU,152.0
AUT,LUX,160.0
AUT,LVA,152.0
AUT,MAR,131.0
AUT,MDA,358.0
AUT,MDG,84.0
AUT,MEX,104.0
AUT,MKD,157.0
AUT,MLT,152.0
AUT,MNE,182.0
AUT,MOZ,136.0
AUT,MSR,74.0
AUT,MUS,84.0
AUT,NAM,136.0
AUT,NCL,74.0
AUT,NIC,352.0
AUT,NLD,160.0
AUT,NOR,201.0
AUT,PAN,352.0
AUT,PCN,74.0
AUT,PER,355.0
AUT,PNG,101.0
AUT,POL,152.0
AUT,PRT,160.0
AUT,PSE,117.0
AUT,PYF,74.0
AUT,ROU,151.0
AUT,SGP,354.0
AUT,SLB,101.0
AUT,SLV,352.0
AUT,SMR,30.0
AUT,SPM,74.0
AUT,SRB,197.0
AUT,SUR,283.0
AUT,SVK,152.0
AUT,SVN,152.0
AUT,SWE,160.0
AUT,SWZ,136.0
AUT,SYC,84.0
AUT,SYR,32.0
AUT,TCA,74.0
AUT,TTO,283.0
AUT,TUN,136.0
AUT,TUR,119.0
AUT,UKR,397.0
AUT,VCT,283.0
AUT,VNM,438.0
AUT,WLF,74.0
AUT,WSM,101.0
AUT,ZAF,136.0
AUT,ZWE,84.0
BEL,AIA,74.0
BEL,ALB,170.0
BEL,AND,39.0
BEL,ARM,299.0
BEL,ATG,283.0
BEL,BGR,151.0
BEL,BHS,283.0
BEL,BIH,196.0
BEL,BLZ,283.0
BEL,BMU,74.0
BEL,BRB,283.0
BEL,BWA,136.0
BEL,CAN,432.0
BEL,CHE,69.0
BEL,CHL,262.0
BEL,CIV,86.0
BEL,CMR,118.0
BEL,COL,355.0
BEL,COM,84.0
BEL,CRI,352.0
BEL,CYM,74.0
BEL,CYP,152.0
BEL,CZE,152.0
BEL,DEU,167.0
BEL,DMA,283.0
BEL,DNK,167.0
BEL,DOM,283.0
BEL,DZA,153.0
BEL,ECU,355.0
BEL,EGY,141.0
BEL,ESP,167.0
BEL,EST,152.0
BEL,FIN,160.0
BEL,FJI,101.0
BEL,FRA,167.0
BEL,FRO,69.0
BEL,GBR,409.0
BEL,GEO,332.0
BEL,GHA,77.0
BEL,GRC,167.0
BEL,GRD,283.0
BEL,GRL,74.0
BEL,GTM,352.0
BEL,GUY,283.0
BEL,HND,352.0
BEL,HRV,150.0
BEL,HTI,283.0
BEL,HUN,152.0
BEL,IRL,167.0
BEL,ISL,182.0
BEL,ISR,135.0
BEL,ITA,167.0
BEL,JAM,283.0
BEL,JOR,169.0
BEL,JPN,422.0
BEL,KNA,283.0
BEL,KOR,344.0
BEL,LBN,106.0
BEL,LCA,283.0
BEL,LIE,182.0
BEL,LSO,136.0
BEL,LTU,152.0
BEL,LUX,167.0
BEL,LVA,152.0
BEL,MAR,131.0
BEL,MDA,358.0
BEL,MDG,84.0
BEL,MEX,104.0
BEL,MKD,157.0
BEL,MLT,152.0
BEL,MNE,182.0
BEL,MOZ,136.0
BEL,MSR,74.0
BEL,MUS,84.0
BEL,NAM,136.0
BEL,NCL,74.0
BEL,NIC,352.0
BEL,NLD,167.0
BEL,NOR,182.0
BEL,PAN,352.0
BEL,PCN,74.0
BEL,PER,355.0
BEL,PNG,101.0
BEL,POL,152.0
BEL,PRT,167.0
BEL,PSE,117.0
BEL,PYF,74.0
BEL,ROU,151.0
BEL,SGP,354.0
BEL,SLB,101.0
BEL,SLV,352.0
BEL,SMR,30.0
BEL,SPM,74.0
BEL,SRB,197.0
BEL,SUR,283.0
BEL,SVK,152.0
BEL,SVN,152.0
BEL,SWE,160.0
BEL,SWZ,136.0
BEL,SYC,84.0
BEL,SYR,32.0
BEL,TCA,74.0
BEL,TTO,283.0
BEL,TUN,136.0
BEL,TUR,119.0
BEL,UKR,397.0
BEL,VCT,283.0
BEL,VNM,438.0
BEL,WLF,74.0
BEL,WSM,101.0
BEL,ZAF,136.0
BEL,ZWE,84.0
BGR,AIA,74.0
BGR,ALB,170.0
BGR,AND,39.0
BGR,ARM,299.0
BGR,ATG,283.0
BGR,BHS,283.0
BGR,BIH,196.0
BGR,BLZ,283.0
BGR,BMU,74.0
BGR,BRB,283.0
BGR,BWA,136.0
BGR,CAN,432.0
BGR,CHE,69.0
BGR,CHL,262.0
BGR,CIV,86.0
BGR,CMR,118.0
BGR,COL,355.0
BGR,COM,84.0
BGR,CRI,352.0
BGR,CYM,74.0
BGR,CYP,151.0
BGR,CZE,151.0
BGR,DEU,151.0
BGR,DMA,283.0
BGR,DNK,151.0
BGR,DOM,283.0
BGR,DZA,153.0
BGR,ECU,355.0
BGR,EGY,141.0
BGR,ESP,151.0
BGR,EST,151.0
BGR,FIN,151.0
BGR,FJI,101.0
BGR,FRA,151.0
BGR,FRO,69.0
BGR,GBR,409.0
BGR,GEO,332.0
BGR,GHA,77.0
BGR,GRC,151.0
BGR,GRD,283.0
BGR,GRL,74.0
BGR,GTM,352.0
BGR,GUY,283.0
BGR,HND,352.0
BGR,HRV,150.0
BGR,HTI,283.0
BGR,HUN,151.0
BGR,IRL,151.0
BGR,ISL,182.0
BGR,ISR,135.0
BGR,ITA,151.0
BGR,JAM,283.0
BGR,JOR,169.0
BGR,JPN,422.0
BGR,KNA,283.0
BGR,KOR,344.0
BGR,LBN,106.0
BGR,LCA,283.0
BGR,LIE,182.0
BGR,LSO,136.0
BGR,LTU,151.0
BGR,LUX,151.0
BGR,LVA,151.0
BGR,MAR,131.0
BGR,MDA,358.0
BGR,MDG,84.0
BGR,MEX,104.0
BGR,MKD,163.0
BGR,MLT,151.0
BGR,MNE,182.0
BGR,MOZ,136.0
BGR,MSR,74.0
BGR,MUS,84.0
BGR,NAM,136.0
BGR,NCL,74.0
BGR,NIC,352.0
BGR,NLD,151.0
BGR,NOR,182.0
BGR,PAN,352.0
BGR,PCN,74.0
BGR,PER,355.0
BGR,PNG,101.0
BGR,POL,151.0
BGR,PRT,151.0
BGR,PSE,117.0
BGR,PYF,74.0
BGR,ROU,151.0
BGR,SGP,354.0
BGR,SLB,101.0
BGR,SLV,352.0
BGR,SMR,30.0
BGR,SPM,74.0
BGR,SRB,197.0
BGR,SUR,283.0
BGR,SVK,151.0
BGR,SVN,151.0
BGR,SWE,151.0
BGR,SWZ,136.0
BGR,SYC,84.0
BGR,SYR,32.0
BGR,TCA,74.0
BGR,TTO,283.0
BGR,TUN,136.0
BGR,TUR,119.0
BGR,UKR,397.0
BGR,VCT,283.0
BGR,VNM,438.0
BGR,WLF,74.0
BGR,WSM,101.0
BGR,XKX,163.0
BGR,ZAF,136.0
BGR,ZWE,84.0
CYP,AIA,74.0
CYP,ALB,170.0
CYP,AND,39.0
CYP,ARM,299.0
CYP,ATG,283.0
CYP,BHS,283.0
CYP,BIH,196.0
CYP,BLZ,283.0
CYP,BMU,74.0
CYP,BRB,283.0
CYP,BWA,136.0
CYP,CAN,432.0
CYP,CHE,69.0
CYP,CHL,262.0
CYP,CIV,86.0
CYP,CMR,118.0
CYP,COL,355.0
CYP,COM,84.0
CYP,CRI,352.0
CYP,CYM,74.0
CYP,CZE,152.0
CYP,DEU,152.0
CYP,DMA,283.0
CYP,DNK,152.0
CYP,DOM,283.0
CYP,DZA,153.0
CYP,ECU,355.0
CYP,EGY,141.0
CYP,ESP,152.0
CYP,EST,152.0
CYP,FIN,152.0
CYP,FJI,101.0
CYP,FRA,152.0
CYP,FRO,69.0
CYP,GBR,409.0
CYP,GEO,332.0
CYP,GHA,77.0
CYP,GRC,152.0
CYP,GRD,283.0
CYP,GRL,74.0
CYP,GTM,352.0
CYP,GUY,283.0
CYP,HND,352.0
CYP,HRV,150.0
CYP,HTI,283.0
CYP,HUN,152.0
CYP,IRL,152.0
CYP,ISL,182.0
CYP,ISR,135.0
CYP,ITA,152.0
CYP,JAM,283.0
CYP,JOR,169.0
CYP,JPN,422.0
CYP,KNA,283.0
CYP,KOR,344.0
CYP,LBN,106.0
CYP,LCA,283.0
CYP,LIE,182.0
CYP,LSO,136.0
CYP,LTU,152.0
CYP,LUX,152.0
CYP,LVA,152.0
CYP,MAR,131.0
CYP,MDA,358.0
CYP,MDG,84.0
CYP,MEX,104.0
CYP,MKD,157.0
CYP,MLT,152.0
CYP,MNE,182.0
CYP,MOZ,136.0
CYP,MSR,74.0
CYP,MUS,84.0
CYP,NAM,136.0
CYP,NCL,74.0
CYP,NIC,352.0
CYP,NLD,152.0
CYP,NOR,182.0
CYP,PAN,352.0
CYP,PCN,74.0
CYP,PER,355.0
CYP,PNG,101.0
CYP,POL,152.0
CYP,PRT,152.0
CYP,PSE,117.0
CYP,PYF,74.0
CYP,ROU,151.0
CYP,SGP,354.0
CYP,SLB,101.0
CYP,SLV,352.0
CYP,SMR,30.0
CYP,SPM,74.0
CYP,SRB,197.0
CYP,SUR,283.0
CYP,SVK,152.0
CYP,SVN,152.0
CYP,SWE,152.0
CYP,SWZ,136.0
CYP,SYC,84.0
CYP,SYR,32.0
CYP,TCA,74.0
CYP,TTO,283.0
CYP,TUN,136.0
CYP,TUR,119.0
CYP,UKR,397.0
CYP,VCT,283.0
CYP,VNM,438.0
CYP,WLF,74.0
CYP,WSM,101.0
CYP,ZAF,136.0
CYP,ZWE,84.0
CZE,AIA,74.0
CZE,ALB,170.0
CZE,AND,39.0
CZE,ARM,299.0
CZE,ATG,283.0
CZE,BHS,283.0
CZE,BIH,196.0
CZE,BLZ,283.0
CZE,BMU,74.0
CZE,BRB,283.0
CZE,BWA,136.0
CZE,CAN,432.0
CZE,CHE,69.0
CZE,CHL,262.0
CZE,CIV,86.0
CZE,CMR,118.0
CZE,COL,355.0
CZE,COM,84.0
CZE,CRI,352.0
CZE,CYM,74.0
CZE,DEU,152.0
CZE,DMA,283.0
CZE,DNK,152.0
CZE,DOM,283.0
CZE,DZA,153.0
CZE,ECU,355.0
CZE,EGY,141.0
CZE,ESP,152.0
CZE,EST,152.0
CZE,FIN,152.0
CZE,FJI,101.0
CZE,FRA,152.0
CZE,FRO,69.0
CZE,GBR,409.0
CZE,GEO,332.0
CZE,GHA,77.0
CZE,GRC,152.0
CZE,GRD,283.0
CZE,GRL,74.0
CZE,GTM,352.0
CZE,GUY,283.0
CZE,HND,352.0
CZE,HRV,150.0
CZE,HTI,283.0
CZE,HUN,152.0
CZE,IRL,152.0
CZE,ISL,182.0
CZE,ISR,135.0
CZE,ITA,152.0
CZE,JAM,283.0
CZE,JOR,169.0
CZE,JPN,422.0
CZE,KNA,283.0
CZE,KOR,344.0
CZE,LBN,106.0
CZE,LCA,283.0
CZE,LIE,182.0
CZE,LSO,136.0
CZE,LTU,152.0
CZE,LUX,152.0
CZE,LVA,152.0
CZE,MAR,131.0
CZE,MDA,358.0
CZE,MDG,84.0
CZE,MEX,104.0
CZE,MKD,157.0
CZE,MLT,152.0
CZE,MNE,182.0
CZE,MOZ,136.0
CZE,MSR,74.0
CZE,MUS,84.0
CZE,NAM,136.0
CZE,NCL,74.0
CZE,NIC,352.0
CZE,NLD,152.0
CZE,NOR,182.0
CZE,PAN,352.0
CZE,PCN,74.0
CZE,PER,355.0
CZE,PNG,101.0
CZE,POL,152.0
CZE,PRT,152.0
CZE,PSE,117.0
CZE,PYF,74.0
CZE,ROU,151.0
CZE,SGP,354.0
CZE,SLB,101.0
CZE,SLV,352.0
CZE,SMR,30.0
CZE,SPM,74.0
CZE,SRB,197.0
CZE,SUR,283.0
CZE,SVK,152.0
CZE,SVN,152.0
CZE,SWE,152.0
CZE,SWZ,136.0
CZE,SYC,84.0
CZE,SYR,32.0
CZE,TCA,74.0
CZE,TTO,283.0
CZE,TUN,136.0
CZE,TUR,119.0
CZE,UKR,397.0
CZE,VCT,283.0
CZE,VNM,438.0
CZE,WLF,74.0
CZE,WSM,101.0
CZE,ZAF,136.0
CZE,ZWE,84.0
DEU,AIA,74.0
DEU,ALB,170.0
DEU,AND,39.0
DEU,ARM,299.0
DEU,ATG,283.0
DEU,BHS,283.0
DEU,BIH,196.0
DEU,BLZ,283.0
DEU,BMU,74.0
DEU,BRB,283.0
DEU,BWA,136.0
DEU,CAN,432.0
DEU,CHE,69.0
DEU,CHL,262.0
DEU,CIV,86.0
DEU,CMR,118.0
DEU,COL,355.0
DEU,COM,84.0
DEU,CRI,352.0
DEU,CYM,74.0
DEU,DMA,283.0
DEU,DNK,167.0
DEU,DOM,283.0
DEU,DZA,153.0
DEU,ECU,355.0
DEU,EGY,141.0
DEU,ESP,167.0
DEU,EST,152.0
DEU,FIN,160.0
DEU,FJI,101.0
DEU,FRA,167.0
DEU,FRO,69.0
DEU,GBR,409.0
DEU,GEO,332.0
DEU,GHA,77.0
DEU,GRC,167.0
DEU,GRD,283.0
DEU,GRL,74.0
DEU,GTM,352.0
DEU,GUY,283.0
DEU,HND,352.0
DEU,HRV,150.0
DEU,HTI,283.0
DEU,HUN,152.0
DEU,IRL,167.0
DEU,ISL,182.0
DEU,ISR,135.0
DEU,ITA,167.0
DEU,JAM,283.0
DEU,JOR,169.0
DEU,JPN,422.0
DEU,KNA,283.0
DEU,KOR,344.0
DEU,LBN,106.0
DEU,LCA,283.0
DEU,LIE,182.0
DEU,LSO,136.0
DEU,LTU,152.0
DEU,LUX,167.0
DEU,LVA,152.0
DEU,MAR,131.0
DEU,MDA,358.0
DEU,MDG,84.0
DEU,MEX,104.0
DEU,MKD,157.0
DEU,MLT,152.0
DEU,MNE,182.0
DEU,MOZ,136.0
DEU,MSR,74.0
DEU,MUS,84.0
DEU,NAM,136.0
DEU,NCL,74.0
DEU,NIC,352.0
DEU,NLD,167.0
DEU,NOR,182.0
DEU,PAN,352.0
DEU,PCN,74.0
DEU,PER,355.0
DEU,PNG,101.0
DEU,POL,152.0
DEU,PRT,167.0
DEU,PSE,117.0
DEU,PYF,74.0
DEU,ROU,151.0
DEU,SGP,354.0
DEU,SLB,101.0
DEU,SLV,352.0
DEU,SMR,30.0
DEU,SPM,74.0
DEU,SRB,197.0
DEU,SUR,283.0
DEU,SVK,152.0
DEU,SVN,152.0
DEU,SWE,160.0
DEU,SWZ,136.0
DEU,SYC,84.0
DEU,SYR,32.0
DEU,TCA,74.0
DEU,TTO,283.0
DEU,TUN,136.0
DEU,TUR,119.0
DEU,UKR,397.0
DEU,VCT,283.0
DEU,VNM,438.0
DEU,WLF,74.0
DEU,WSM,101.0
DEU,ZAF,136.0
DEU,ZWE,84.0
DNK,AIA,74.0
DNK,ALB,170.0
DNK,AND,39.0
DNK,ARM,299.0
DNK,ATG,283.0
DNK,BHS,283.0
DNK,BIH,196.0
DNK,BLZ,283.0
DNK,BMU,74.0
DNK,BRB,283.0
DNK,BWA,136.0
DNK,CAN,432.0
DNK,CHE,201.0
DNK,CHL,262.0
DNK,CIV,86.0
DNK,CMR,118.0
DNK,COL,355.0
DNK,COM,84.0
DNK,CRI,352.0
DNK,CYM,74.0
DNK,DMA,283.0
DNK,DOM,283.0
DNK,DZA,153.0
DNK,ECU,355.0
DNK,EGY,141.0
DNK,ESP,167.0
DNK,EST,152.0
DNK,FIN,160.0
DNK,FJI,101.0
DNK,FRA,167.0
DNK,FRO,69.0
DNK,GBR,409.0
DNK,GEO,332.0
DNK,GHA,77.0
DNK,GRC,167.0
DNK,GRD,283.0
DNK,GRL,74.0
DNK,GTM,352.0
DNK,GUY,283.0
DNK,HND,352.0
DNK,HRV,150.0
DNK,HTI,283.0
DNK,HUN,152.0
DNK,IRL,167.0
DNK,ISL,201.0
DNK,ISR,135.0
DNK,ITA,167.0
DNK,JAM,283.0
DNK,JOR,169.0
DNK,JPN,422.0
DNK,KNA,283.0
DNK,KOR,344.0
DNK,LBN,106.0
DNK,LCA,283.0
DNK,LIE,182.0
DNK,LSO,136.0
DNK,LTU,152.0
DNK,LUX,167.0
DNK,LVA,152.0
DNK,MAR,131.0
DNK,MDA,358.0
DNK,MDG,84.0
DNK,MEX,104.0
DNK,MKD,157.0
DNK,MLT,152.0
DNK,MNE,182.0
DNK,MOZ,136.0
DNK,MSR,74.0
DNK,MUS,84.0
DNK,NAM,136.0
DNK,NCL,74.0
DNK,NIC,352.0
DNK,NLD,167.0
DNK,NOR,201.0
DNK,PAN,352.0
DNK,PCN,74.0
DNK,PER,355.0
DNK,PNG,101.0
DNK,POL,152.0
DNK,PRT,167.0
DNK,PSE,117.0
DNK,PYF,74.0
DNK,ROU,151.0
DNK,SGP,354.0
DNK,SLB,101.0
DNK,SLV,352.0
DNK,SMR,30.0
DNK,SPM,74.0
DNK,SRB,197.0
DNK,SUR,283.0
DNK,SVK,152.0
DNK,SVN,152.0
DNK,SWE,160.0
DNK,SWZ,136.0
DNK,SYC,84.0
DNK,SYR,32.0
DNK,TCA,74.0
DNK,TTO,283.0
DNK,TUN,136.0
DNK,TUR,119.0
DNK,UKR,397.0
DNK,VCT,283.0
DNK,VNM,438.0
DNK,WLF,74.0
DNK,WSM,101.0
DNK,ZAF,136.0
DNK,ZWE,84.0
ESP,AIA,74.0
ESP,ALB,170.0
ESP,AND,39.0
ESP,ARM,299.0
ESP,ATG,283.0
ESP,BHS,283.0
ESP,BIH,196.0
ESP,BLZ,283.0
ESP,BMU,74.0
ESP,BRB,283.0
ESP,BWA,136.0
ESP,CAN,432.0
ESP,CHE,69.0
ESP,CHL,262.0
ESP,CIV,86.0
ESP,CMR,118.0
ESP,COL,355.0
ESP,COM,84.0
ESP,CRI,352.0
ESP,CYM,74.0
ESP,DMA,283.0
ESP,DOM,283.0
ESP,DZA,153.0
ESP,ECU,355.0
ESP,EGY,141.0
ESP,EST,152.0
ESP,FIN,160.0
ESP,FJI,101.0
ESP,FRA,167.0
ESP,FRO,69.0
ESP,GBR,409.0
ESP,GEO,332.0
ESP,GHA,77.0
ESP,GRC,167.0
ESP,GRD,283.0
ESP,GRL,74.0
ESP,GTM,352.0
ESP,GUY,283.0
ESP,HND,352.0
ESP,HRV,150.0
ESP,HTI,283.0
ESP,HUN,152.0
ESP,IRL,167.0
ESP,ISL,182.0
ESP,ISR,135.0
ESP,ITA,167.0
ESP,JAM,283.0
ESP,JOR,169.0
ESP,JPN,422.0
ESP,KNA,283.0
ESP,KOR,344.0
ESP,LBN,106.0
ESP,LCA,283.0
ESP,LIE,182.0
ESP,LSO,136.0
ESP,LTU,152.0
ESP,LUX,167.0
ESP,LVA,152.0
ESP,MAR,131.0
ESP,MDA,358.0
ESP,MDG,84.0
ESP,MEX,104.0
ESP,MKD,157.0
ESP,MLT,152.0
ESP,MNE,182.0
ESP,MOZ,136.0
ESP,MSR,74.0
ESP,MUS,84.0
ESP,NAM,136.0
ESP,NCL,74.0
ESP,NIC,352.0
ESP,NLD,167.0
ESP,NOR,182.0
ESP,PAN,352.0
ESP,PCN,74.0
ESP,PER,355.0
ESP,PNG,101.0
ESP,POL,152.0
ESP,PRT,167.0
ESP,PSE,117.0
ESP,PYF,74.0
ESP,ROU,151.0
ESP,SGP,354.0
ESP,SLB,101.0
ESP,SLV,352.0
ESP,SMR,30.0
ESP,SPM,74.0
ESP,SRB,197.0
ESP,SUR,283.0
ESP,SVK,152.0
ESP,SVN,152.0
ESP,SWE,160.0
ESP,SWZ,136.0
ESP,SYC,84.0
ESP,SYR,32.0
ESP,TCA,74.0
ESP,TTO,283.0
ESP,TUN,136.0
ESP,TUR,119.0
ESP,UKR,397.0
ESP,VCT,283.0
ESP,VNM,438.0
ESP,WLF,74.0
ESP,WSM,101.0
ESP,ZAF,136.0
ESP,ZWE,84.0
EST,AIA,74.0
EST,ALB,170.0
EST,AND,39.0
EST,ARM,299.0
EST,ATG,283.0
EST,BHS,283.0
EST,BIH,196.0
EST,BLZ,283.0
EST,BMU,74.0
EST,BRB,283.0
EST,BWA,136.0
EST,CAN,432.0
EST,CHE,69.0
EST,CHL,262.0
EST,CIV,86.0
EST,CMR,118.0
EST,COL,355.0
EST,COM,84.0
EST,CRI,352.0
EST,CYM,74.0
EST,DMA,283.0
EST,DOM,283.0
EST,DZA,153.0
EST,ECU,355.0
EST,EGY,141.0
EST,FIN,152.0
EST,FJI,101.0
EST,FRA,152.0
EST,FRO,69.0
EST,GBR,409.0
EST,GEO,332.0
EST,GHA,77.0
EST,GRC,152.0
EST,GRD,283.0
EST,GRL,74.0
EST,GTM,352.0
EST,GUY,283.0
EST,HND,352.0
EST,HRV,150.0
EST,HTI,283.0
EST,HUN,152.0
EST,IRL,152.0
EST,ISL,182.0
EST,ISR,135.0
EST,ITA,152.0
EST,JAM,283.0
EST,JOR,169.0
EST,JPN,422.0
EST,KNA,283.0
EST,KOR,344.0
EST,LBN,106.0
EST,LCA,283.0
EST,LIE,182.0
EST,LSO,136.0
EST,LTU,152.0
EST,LUX,152.0
EST,LVA,152.0
EST,MAR,131.0
EST,MDA,358.0
EST,MDG,84.0
EST,MEX,104.0
EST,MKD,157.0
EST,MLT,152.0
EST,MNE,182.0
EST,MOZ,136.0
EST,MSR,74.0
EST,MUS,84.0
EST,NAM,136.0
EST,NCL,74.0
EST,NIC,352.0
EST,NLD,152.0
EST,NOR,182.0
EST,PAN,352.0
EST,PCN,74.0
EST,PER,355.0
EST,PNG,101.0
EST,POL,152.0
EST,PRT,152.0
EST,PSE,117.0
EST,PYF,74.0
EST,ROU,151.0
EST,SGP,354.0
EST,SLB,101.0
EST,SLV,352.0
EST,SMR,30.0
EST,SPM,74.0
EST,SRB,197.0
EST,SUR,283.0
EST,SVK,152.0
EST,SVN,152.0
EST,SWE,152.0
EST,SWZ,136.0
EST,SYC,84.0
EST,SYR,32.0
EST,TCA,74.0
EST,TTO,283.0
EST,TUN,136.0
EST,TUR,119.0
EST,UKR,397.0
EST,VCT,283.0
EST,VNM,438.0
EST,WLF,74.0
EST,WSM,101.0
EST,ZAF,136.0
EST,ZWE,84.0
FIN,AIA,74.0
FIN,ALB,170.0
FIN,AND,39.0
FIN,ARM,299.0
FIN,ATG,283.0
FIN,BHS,283.0
FIN,BIH,196.0
FIN,BLZ,283.0
FIN,BMU,74.0
FIN,BRB,283.0
FIN,BWA,136.0
FIN,CAN,432.0
FIN,CHE,69.0
FIN,CHL,262.0
FIN,CIV,86.0
FIN,CMR,118.0
FIN,COL,355.0
FIN,COM,84.0
FIN,CRI,352.0
FIN,CYM,74.0
FIN,DMA,283.0
FIN,DOM,283.0
FIN,DZA,153.0
FIN,ECU,355.0
FIN,EGY,141.0
FIN,FJI,101.0
FIN,FRA,160.0
FIN,FRO,69.0
FIN,GBR,409.0
FIN,GEO,332.0
FIN,GHA,77.0
FIN,GRC,160.0
FIN,GRD,283.0
FIN,GRL,74.0
FIN,GTM,352.0
FIN,GUY,283.0
FIN,HND,352.0
FIN,HRV,150.0
FIN,HTI,283.0
FIN,HUN,152.0
FIN,IRL,160.0
FIN,ISL,182.0
FIN,ISR,135.0
FIN,ITA,160.0
FIN,JAM,283.0
FIN,JOR,169.0
FIN,JPN,422.0
FIN,KNA,283.0
FIN,KOR,344.0
FIN,LBN,106.0
FIN,LCA,283.0
FIN,LIE,182.0
FIN,LSO,136.0
FIN,LTU,152.0
FIN,LUX,160.0
FIN,LVA,152.0
FIN,MAR,131.0
FIN,MDA,358.0
FIN,MDG,84.0
FIN,MEX,104.0
FIN,MKD,157.0
FIN,MLT,152.0
FIN,MNE,182.0
FIN,MOZ,136.0
FIN,MSR,74.0
FIN,MUS,84.0
FIN,NAM,136.0
FIN,NCL,74.0
FIN,NIC,352.0
FIN,NLD,160.0
FIN,NOR,182.0
FIN,PAN,352.0
FIN,PCN,74.0
FIN,PER,355.0
FIN,PNG,101.0
FIN,POL,152.0
FIN,PRT,160.0
FIN,PSE,117.0
FIN,PYF,74.0
FIN,ROU,151.0
FIN,SGP,354.0
FIN,SLB,101.0
FIN,SLV,352.0
FIN,SMR,30.0
FIN,SPM,74.0
FIN,SRB,197.0
FIN,SUR,283.0
FIN,SVK,152.0
FIN,SVN,152.0
FIN,SWE,160.0
FIN,SWZ,136.0
FIN,SYC,84.0
FIN,SYR,32.0
FIN,TCA,74.0
FIN,TTO,283.0
FIN,TUN,136.0
FIN,TUR,119.0
FIN,UKR,397.0
FIN,VCT,283.0
FIN,VNM,438.0
FIN,WLF,74.0
FIN,WSM,101.0
FIN,ZAF,136.0
FIN,ZWE,84.0
FRA,AIA,74.0
FRA,ALB,170.0
FRA,AND,39.0
FRA,ARM,299.0
FRA,ATG,283.0
FRA,BHS,283.0
FRA,BIH,196.0
FRA,BLZ,283.0
FRA,BMU,74.0
FRA,BRB,283.0
FRA,BWA,136.0
FRA,CAN,432.0
FRA,CHE,69.0
FRA,CHL,262.0
FRA,CIV,86.0
FRA,CMR,118.0
FRA,COL,355.0
FRA,COM,84.0
FRA,CRI,352.0
FRA,CYM,74.0
FRA,DMA,283.0
FRA,DOM,283.0
FRA,DZA,153.0
FRA,ECU,355.0
FRA,EGY,141.0
FRA,FJI,101.0
FRA,FRO,69.0
FRA,GBR,409.0
FRA,GEO,332.0
FRA,GHA,77.0
FRA,GRC,167.0
FRA,GRD,283.0
FRA,GRL,74.0
FRA,GTM,352.0
FRA,GUY,283.0
FRA,HND,352.0
FRA,HRV,150.0
FRA,HTI,283.0
FRA,HUN,152.0
FRA,IRL,167.0
FRA,ISL,182.0
FRA,ISR,135.0
FRA,ITA,167.0
FRA,JAM,283.0
FRA,JOR,169.0
FRA,JPN,422.0
FRA,KNA,283.0
FRA,KOR,344.0
FRA,LBN,106.0
FRA,LCA,283.0
FRA,LIE,182.0
FRA,LSO,136.0
FRA,LTU,152.0
FRA,LUX,167.0
FRA,LVA,152.0
FRA,MAR,131.0
FRA,MDA,358.0
FRA,MDG,84.0
FRA,MEX,104.0
FRA,MKD,157.0
FRA,MLT,152.0
FRA,MNE,182.0
FRA,MOZ,136.0
FRA,MSR,74.0
FRA,MUS,84.0
FRA,NAM,136.0
FRA,NCL,74.0
FRA,NIC,352.0
FRA,NLD,167.0
FRA,NOR,182.0
FRA,PAN,352.0
FRA,PCN,74.0
FRA,PER,355.0
FRA,PNG,101.0
FRA,POL,152.0
FRA,PRT,167.0
FRA,PSE,117.0
FRA,PYF,74.0
FRA,ROU,151.0
FRA,SGP,354.0
FRA,SLB,101.0
FRA,SLV,352.0
FRA,SMR,30.0
FRA,SPM,74.0
FRA,SRB,197.0
FRA,SUR,283.0
FRA,SVK,152.0
FRA,SVN,152.0
FRA,SWE,160.0
FRA,SWZ,136.0
FRA,SYC,84.0
FRA,SYR,32.0
FRA,TCA,74.0
FRA,TTO,283.0
FRA,TUN,136.0
FRA,TUR,119.0
FRA,UKR,397.0
FRA,VCT,283.0
FRA,VNM,438.0
FRA,WLF,74.0
FRA,WSM,101.0
FRA,ZAF,136.0
FRA,ZWE,84.0
GRC,AIA,74.0
GRC,ALB,170.0
GRC,AND,39.0
GRC,ARM,299.0
GRC,ATG,283.0
GRC,BHS,283.0
GRC,BIH,196.0
GRC,BLZ,283.0
GRC,BMU,74.0
GRC,BRB,283.0
GRC,BWA,136.0
GRC,CAN,432.0
GRC,CHE,69.0
GRC,CHL,262.0
GRC,CIV,86.0
GRC,CMR,118.0
GRC,COL,355.0
GRC,COM,84.0
GRC,CRI,352.0
GRC,CYM,74.0
GRC,DMA,283.0
GRC,DOM,283.0
GRC,DZA,153.0
GRC,ECU,355.0
GRC,EGY,141.0
GRC,FJI,101.0
GRC,FRO,69.0
GRC,GBR,409.0
GRC,GEO,332.0
GRC,GHA,77.0
GRC,GRD,283.0
GRC,GRL,74.0
GRC,GTM,352.0
GRC,GUY,283.0
GRC,HND,352.0
GRC,HRV,150.0
GRC,HTI,283.0
GRC,HUN,152.0
GRC,IRL,167.0
GRC,ISL,182.0
GRC,ISR,135.0
GRC,ITA,167.0
GRC,JAM,283.0
GRC,JOR,169.0
GRC,JPN,422.0
GRC,KNA,283.0
GRC,KOR,344.0
GRC,LBN,106.0
GRC,LCA,283.0
GRC,LIE,182.0
GRC,LSO,136.0
GRC,LTU,152.0
GRC,LUX,167.0
GRC,LVA,152.0
GRC,MAR,131.0
GRC,MDA,358.0
GRC,MDG,84.0
GRC,MEX,104.0
GRC,MKD,157.0
GRC,MLT,152.0
GRC,MNE,182.0
GRC,MOZ,136.0
GRC,MSR,74.0
GRC,MUS,84.0
GRC,NAM,136.0
GRC,NCL,74.0
GRC,NIC,352.0
GRC,NLD,167.0
GRC,NOR,182.0
GRC,PAN,352.0
GRC,PCN,74.0
GRC,PER,355.0
GRC,PNG,101.0
GRC,POL,152.0
GRC,PRT,167.0
GRC,PSE,117.0
GRC,PYF,74.0
GRC,ROU,151.0
GRC,SGP,354.0
GRC,SLB,101.0
GRC,SLV,352.0
GRC,SMR,30.0
GRC,SPM,74.0
GRC,SRB,197.0
GRC,SUR,283.0
GRC,SVK,152.0
GRC,SVN,152.0
GRC,SWE,160.0
GRC,SWZ,136.0
GRC,SYC,84.0
GRC,SYR,32.0
GRC,TCA,74.0
GRC,TTO,283.0
GRC,TUN,136.0
GRC,TUR,119.0
GRC,UKR,397.0
GRC,VCT,283.0
GRC,VNM,438.0
GRC,WLF,74.0
GRC,WSM,101.0
GRC,ZAF,136.0
GRC,ZWE,84.0
HRV,AIA,74.0
HRV,ALB,170.0
HRV,AND,39.0
HRV,ARM,299.0
HRV,ATG,283.0
HRV,BHS,283.0
HRV,BIH,196.0
HRV,BLZ,283.0
HRV,BMU,74.0
HRV,BRB,283.0
HRV,BWA,136.0
HRV,CAN,432.0
HRV,CHE,69.0
HRV,CHL,262.0
HRV,CIV,86.0
HRV,CMR,118.0
HRV,COL,355.0
HRV,COM,84.0
HRV,CRI,352.0
HRV,CYM,74.0
HRV,DMA,283.0
HRV,DOM,283.0
HRV,DZA,153.0
HRV,ECU,355.0
HRV,EGY,141.0
HRV,FJI,101.0
HRV,FRO,69.0
HRV,GBR,409.0
HRV,GEO,332.0
HRV,GHA,77.0
HRV,GRD,283.0
HRV,GRL,74.0
HRV,GTM,352.0
HRV,GUY,283.0
HRV,HND,352.0
HRV,HTI,283.0
HRV,HUN,150.0
HRV,IRL,150.0
HRV,ISL,182.0
HRV,ISR,135.0
HRV,ITA,150.0
HRV,JAM,283.0
HRV,JOR,169.0
HRV,JPN,422.0
HRV,KNA,283.0
HRV,KOR,344.0
HRV,LBN,106.0
HRV,LCA,283.0
HRV,LIE,182.0
HRV,LSO,136.0
HRV,LTU,150.0
HRV,LUX,150.0
HRV,LVA,150.0
HRV,MAR,131.0
HRV,MDA,358.0
HRV,MDG,84.0
HRV,MEX,104.0
HRV,MKD,163.0
HRV,MLT,150.0
HRV,MNE,182.0
HRV,MOZ,136.0
HRV,MSR,74.0
HRV,MUS,84.0
HRV,NAM,136.0
HRV,NCL,74.0
HRV,NIC,352.0
HRV,NLD,150.0
HRV,NOR,182.0
HRV,PAN,352.0
HRV,PCN,74.0
HRV,PER,355.0
HRV,PNG,101.0
HRV,POL,150.0
HRV,PRT,150.0
HRV,PSE,117.0
HRV,PYF,74.0
HRV,ROU,150.0
HRV,SGP,354.0
HRV,SLB,101.0
HRV,SLV,352.0
HRV,SMR,30.0
HRV,SPM,74.0
HRV,SRB,197.0
HRV,SUR,283.0
HRV,SVK,150.0
HRV,SVN,150.0
HRV,SWE,150.0
HRV,SWZ,136.0
HRV,SYC,84.0
HRV,SYR,32.0
HRV,TCA,74.0
HRV,TTO,283.0
HRV,TUN,136.0
HRV,TUR,119.0
HRV,UKR,397.0
HRV,VCT,283.0
HRV,VNM,438.0
HRV,WLF,74.0
HRV,WSM,101.0
HRV,XKX,163.0
HRV,ZAF,136.0
HRV,ZWE,84.0
HUN,AIA,74.0
HUN,ALB,170.0
HUN,AND,39.0
HUN,ARM,299.0
HUN,ATG,283.0
HUN,BHS,283.0
HUN,BIH,196.0
HUN,BLZ,283.0
HUN,BMU,74.0
HUN,BRB,283.0
HUN,BWA,136.0
HUN,CAN,432.0
HUN,CHE,69.0
HUN,CHL,262.0
HUN,CIV,86.0
HUN,CMR,118.0
HUN,COL,355.0
HUN,COM,84.0
HUN,CRI,352.0
HUN,CYM,74.0
HUN,DMA,283.0
HUN,DOM,283.0
HUN,DZA,153.0
HUN,ECU,355.0
HUN,EGY,141.0
HUN,FJI,101.0
HUN,FRO,69.0
HUN,GBR,409.0
HUN,GEO,332.0
HUN,GHA,77.0
HUN,GRD,283.0
HUN,GRL,74.0
HUN,GTM,352.0
HUN,GUY,283.0
HUN,HND,352.0
HUN,HTI,283.0
HUN,IRL,152.0
HUN,ISL,182.0
HUN,ISR,135.0
HUN,ITA,152.0
HUN,JAM,283.0
HUN,JOR,169.0
HUN,JPN,422.0
HUN,KNA,283.0
HUN,KOR,344.0
HUN,LBN,106.0
HUN,LCA,283.0
HUN,LIE,182.0
HUN,LSO,136.0
HUN,LTU,152.0
HUN,LUX,152.0
HUN,LVA,152.0
HUN,MAR,131.0
HUN,MDA,358.0
HUN,MDG,84.0
HUN,MEX,104.0
HUN,MKD,157.0
HUN,MLT,152.0
HUN,MNE,182.0
HUN,MOZ,136.0
HUN,MSR,74.0
HUN,MUS,84.0
HUN,NAM,136.0
HUN,NCL,74.0
HUN,NIC,352.0
HUN,NLD,152.0
HUN,NOR,182.0
HUN,PAN,352.0
HUN,PCN,74.0
HUN,PER,355.0
HUN,PNG,101.0
HUN,POL,152.0
HUN,PRT,152.0
HUN,PSE,117.0
HUN,PYF,74.0
HUN,ROU,151.0
HUN,SGP,354.0
HUN,SLB,101.0
HUN,SLV,352.0
HUN,SMR,30.0
HUN,SPM,74.0
HUN,SRB,197.0
HUN,SUR,283.0
HUN,SVK,152.0
HUN,SVN,152.0
HUN,SWE,152.0
HUN,SWZ,136.0
HUN,SYC,84.0
HUN,SYR,32.0
HUN,TCA,74.0
HUN,TTO,283.0
HUN,TUN,136.0
HUN,TUR,119.0
HUN,UKR,397.0
HUN,VCT,283.0
HUN,VNM,438.0
HUN,WLF,74.0
HUN,WSM,101.0
HUN,ZAF,136.0
HUN,ZWE,84.0
IRL,AIA,74.0
IRL,ALB,170.0
IRL,AND,39.0
IRL,ARM,299.0
IRL,ATG,283.0
IRL,BHS,283.0
IRL,BIH,196.0
IRL,BLZ,283.0
IRL,BMU,74.0
IRL,BRB,283.0
IRL,BWA,136.0
IRL,CAN,432.0
IRL,CHE,69.0
IRL,CHL,262.0
IRL,CIV,86.0
IRL,CMR,118.0
IRL,COL,355.0
IRL,COM,84.0
IRL,CRI,352.0
IRL,CYM,74.0
IRL,DMA,283.0
IRL,DOM,283.0
IRL,DZA,153.0
IRL,ECU,355.0
IRL,EGY,141.0
IRL,FJI,101.0
IRL,FRO,69.0
IRL,GBR,409.0
IRL,GEO,332.0
IRL,GHA,77.0
IRL,GRD,283.0
IRL,GRL,74.0
IRL,GTM,352.0
IRL,GUY,283.0
IRL,HND,352.0
IRL,HTI,283.0
IRL,ISL,182.0
IRL,ISR,135.0
IRL,ITA,167.0
IRL,JAM,283.0
IRL,JOR,169.0
IRL,JPN,422.0
IRL,KNA,283.0
IRL,KOR,344.0
IRL,LBN,106.0
IRL,LCA,283.0
IRL,LIE,182.0
IRL,LSO,136.0
IRL,LTU,152.0
IRL,LUX,167.0
IRL,LVA,152.0
IRL,MAR,131.0
IRL,MDA,358.0
IRL,MDG,84.0
IRL,MEX,104.0
IRL,MKD,157.0
IRL,MLT,152.0
IRL,MNE,182.0
IRL,MOZ,136.0
IRL,MSR,74.0
IRL,MUS,84.0
IRL,NAM,136.0
IRL,NCL,74.0
IRL,NIC,352.0
IRL,NLD,167.0
IRL,NOR,182.0
IRL,PAN,352.0
IRL,PCN,74.0
IRL,PER,355.0
IRL,PNG,101.0
IRL,POL,152.0
IRL,PRT,167.0
IRL,PSE,117.0
IRL,PYF,74.0
IRL,ROU,151.0
IRL,SGP,354.0
IRL,SLB,101.0
IRL,SLV,352.0
IRL,SMR,30.0
IRL,SPM,74.0
IRL,SRB,197.0
IRL,SUR,283.0
IRL,SVK,152.0
IRL,SVN,152.0
IRL,SWE,160.0
IRL,SWZ,136.0
IRL,SYC,84.0
IRL,SYR,32.0
IRL,TCA,74.0
IRL,TTO,283.0
IRL,TUN,136.0
IRL,TUR,119.0
IRL,UKR,397.0
IRL,VCT,283.0
IRL,VNM,438.0
IRL,WLF,74.0
IRL,WSM,101.0
IRL,ZAF,136.0
IRL,ZWE,84.0
ITA,AIA,74.0
ITA,ALB,170.0
ITA,AND,39.0
ITA,ARM,299.0
ITA,ATG,283.0
ITA,BHS,283.0
ITA,BIH,196.0
ITA,BLZ,283.0
ITA,BMU,74.0
ITA,BRB,283.0
ITA,BWA,136.0
ITA,CAN,432.0
ITA,CHE,69.0
ITA,CHL,262.0
ITA,CIV,86.0
ITA,CMR,118.0
ITA,COL,355.0
ITA,COM,84.0
ITA,CRI,352.0
ITA,CYM,74.0
ITA,DMA,283.0
ITA,DOM,283.0
ITA,DZA,153.0
ITA,ECU,355.0
ITA,EGY,141.0
ITA,FJI,101.0
ITA,FRO,69.0
ITA,GBR,409.0
ITA,GEO,332.0
ITA,GHA,77.0
ITA,GRD,283.0
ITA,GRL,74.0
ITA,GTM,352.0
ITA,GUY,283.0
ITA,HND,352.0
ITA,HTI,283.0
ITA,ISL,182.0
ITA,ISR,135.0
ITA,JAM,283.0
ITA,JOR,169.0
ITA,JPN,422.0
ITA,KNA,283.0
ITA,KOR,344.0
ITA,LBN,106.0
ITA,LCA,283.0
ITA,LIE,182.0
ITA,LSO,136.0
ITA,LTU,152.0
ITA,LUX,167.0
ITA,LVA,152.0
ITA,MAR,131.0
ITA,MDA,358.0
ITA,MDG,84.0
ITA,MEX,104.0
ITA,MKD,157.0
ITA,MLT,152.0
ITA,MNE,182.0
ITA,MOZ,136.0
ITA,MSR,74.0
ITA,MUS,84.0
ITA,NAM,136.0
ITA,NCL,74.0
ITA,NIC,352.0
ITA,NLD,167.0
ITA,NOR,182.0
ITA,PAN,352.0
ITA,PCN,74.0
ITA,PER,355.0
ITA,PNG,101.0
ITA,POL,152.0
ITA,PRT,167.0
ITA,PSE,117.0
ITA,PYF,74.0
ITA,ROU,151.0
ITA,SGP,354.0
ITA,SLB,101.0
ITA,SLV,352.0
ITA,SMR,30.0
ITA,SPM,74.0
ITA,SRB,197.0
ITA,SUR,283.0
ITA,SVK,152.0
ITA,SVN,152.0
ITA,SWE,160.0
ITA,SWZ,136.0
ITA,SYC,84.0
ITA,SYR,32.0
ITA,TCA,74.0
ITA,TTO,283.0
ITA,TUN,136.0
ITA,TUR,119.0
ITA,UKR,397.0
ITA,VCT,283.0
ITA,VNM,438.0
ITA,WLF,74.0
ITA,WSM,101.0
ITA,ZAF,136.0
ITA,ZWE,84.0
LTU,AIA,74.0
LTU,ALB,170.0
LTU,AND,39.0
LTU,ARM,299.0
LTU,ATG,283.0
LTU,BHS,283.0
LTU,BIH,196.0
LTU,BLZ,283.0
LTU,BMU,74.0
LTU,BRB,283.0
LTU,BWA,136.0
LTU,CAN,432.0
LTU,CHE,69.0
LTU,CHL,262.0
LTU,CIV,86.0
LTU,CMR,118.0
LTU,COL,355.0
LTU,COM,84.0
LTU,CRI,352.0
LTU,CYM,74.0
LTU,DMA,283.0
LTU,DOM,283.0
LTU,DZA,153.0
LTU,ECU,355.0
LTU,EGY,141.0
LTU,FJI,101.0
LTU,FRO,69.0
LTU,GBR,409.0
LTU,GEO,332.0
LTU,GHA,77.0
LTU,GRD,283.0
LTU,GRL,74.0
LTU,GTM,352.0
LTU,GUY,283.0
LTU,HND,352.0
LTU,HTI,283.0
LTU,ISL,182.0
LTU,ISR,135.0
LTU,JAM,283.0
LTU,JOR,169.0
LTU,JPN,422.0
LTU,KNA,283.0
LTU,KOR,344.0
LTU,LBN,106.0
LTU,LCA,283.0
LTU,LIE,182.0
LTU,LSO,136.0
LTU,LUX,152.0
LTU,LVA,152.0
LTU,MAR,131.0
LTU,MDA,358.0
LTU,MDG,84.0
LTU,MEX,104.0
LTU,MKD,157.0
LTU,MLT,152.0
LTU,MNE,182.0
LTU,MOZ,136.0
LTU,MSR,74.0
LTU,MUS,84.0
LTU,NAM,136.0
LTU,NCL,74.0
LTU,NIC,352.0
LTU,NLD,152.0
LTU,NOR,182.0
LTU,PAN,352.0
LTU,PCN,74.0
LTU,PER,355.0
LTU,PNG,101.0
LTU,POL,152.0
LTU,PRT,152.0
LTU,PSE,117.0
LTU,PYF,74.0
LTU,ROU,151.0
LTU,SGP,354.0
LTU,SLB,101.0
LTU,SLV,352.0
LTU,SMR,30.0
LTU,SPM,74.0
LTU,SRB,197.0
LTU,SUR,283.0
LTU,SVK,152.0
LTU,SVN,152.0
LTU,SWE,152.0
LTU,SWZ,136.0
LTU,SYC,84.0
LTU,SYR,32.0
LTU,TCA,74.0
LTU,TTO,283.0
LTU,TUN,136.0
LTU,TUR,119.0
LTU,UKR,397.0
LTU,VCT,283.0
LTU,VNM,438.0
LTU,WLF,74.0
LTU,WSM,101.0
LTU,ZAF,136.0
LTU,ZWE,84.0
LUX,AIA,74.0
LUX,ALB,170.0
LUX,AND,39.0
LUX,ARM,299.0
LUX,ATG,283.0
LUX,BHS,283.0
LUX,BIH,196.0
LUX,BLZ,283.0
LUX,BMU,74.0
LUX,BRB,283.0
LUX,BWA,136.0
LUX,CAN,432.0
LUX,CHE,69.0
LUX,CHL,262.0
LUX,CIV,86.0
LUX,CMR,118.0
LUX,COL,355.0
LUX,COM,84.0
LUX,CRI,352.0
LUX,CYM,74.0
LUX,DMA,283.0
LUX,DOM,283.0
LUX,DZA,153.0
LUX,ECU,355.0
LUX,EGY,141.0
LUX,FJI,101.0
LUX,FRO,69.0
LUX,GBR,409.0
LUX,GEO,332.0
LUX,GHA,77.0
LUX,GRD,283.0
LUX,GRL,74.0
LUX,GTM,352.0
LUX,GUY,283.0
LUX,HND,352.0
LUX,HTI,283.0
LUX,ISL,182.0
LUX,ISR,135.0
LUX,JAM,283.0
LUX,JOR,169.0
LUX,JPN,422.0
LUX,KNA,283.0
LUX,KOR,344.0
LUX,LBN,106.0
LUX,LCA,283.0
LUX,LIE,182.0
LUX,LSO,136.0
LUX,LVA,152.0
LUX,MAR,131.0
LUX,MDA,358.0
LUX,MDG,84.0
LUX,MEX,104.0
LUX,MKD,157.0
LUX,MLT,152.0
LUX,MNE,182.0
LUX,MOZ,136.0
LUX,MSR,74.0
LUX,MUS,84.0
LUX,NAM,136.0
LUX,NCL,74.0
LUX,NIC,352.0
LUX,NLD,167.0
LUX,NOR,182.0
LUX,PAN,352.0
LUX,PCN,74.0
LUX,PER,355.0
LUX,PNG,101.0
LUX,POL,152.0
LUX,PRT,167.0
LUX,PSE,117.0
LUX,PYF,74.0
LUX,ROU,151.0
LUX,SGP,354.0
LUX,SLB,101.0
LUX,SLV,352.0
LUX,SMR,30.0
LUX,SPM,74.0
LUX,SRB,197.0
LUX,SUR,283.0
LUX,SVK,152.0
LUX,SVN,152.0
LUX,SWE,160.0
LUX,SWZ,136.0
LUX,SYC,84.0
LUX,SYR,32.0
LUX,TCA,74.0
LUX,TTO,283.0
LUX,TUN,136.0
LUX,TUR,119.0
LUX,UKR,397.0
LUX,VCT,283.0
LUX,VNM,438.0
LUX,WLF,74.0
LUX,WSM,101.0
LUX,ZAF,136.0
LUX,ZWE,84.0
LVA,AIA,74.0
LVA,ALB,170.0
LVA,AND,39.0
LVA,ARM,299.0
LVA,ATG,283.0
LVA,BHS,283.0
LVA,BIH,196.0
LVA,BLZ,283.0
LVA,BMU,74.0
LVA,BRB,283.0
LVA,BWA,136.0
LVA,CAN,432.0
LVA,CHE,69.0
LVA,CHL,262.0
LVA,CIV,86.0
LVA,CMR,118.0
LVA,COL,355.0
LVA,COM,84.0
LVA,CRI,352.0
LVA,CYM,74.0
LVA,DMA,283.0
LVA,DOM,283.0
LVA,DZA,153.0
LVA,ECU,355.0
LVA,EGY,141.0
LVA,FJI,101.0
LVA,FRO,69.0
LVA,GBR,409.0
LVA,GEO,332.0
LVA,GHA,77.0
LVA,GRD,283.0
LVA,GRL,74.0
LVA,GTM,352.0
LVA,GUY,283.0
LVA,HND,352.0
LVA,HTI,283.0
LVA,ISL,182.0
LVA,ISR,135.0
LVA,JAM,283.0
LVA,JOR,169.0
LVA,JPN,422.0
LVA,KNA,283.0
LVA,KOR,344.0
LVA,LBN,106.0
LVA,LCA,283.0
LVA,LIE,182.0
LVA,LSO,136.0
LVA,MAR,131.0
LVA,MDA,358.0
LVA,MDG,84.0
LVA,MEX,104.0
LVA,MKD,157.0
LVA,MLT,152.0
LVA,MNE,182.0
LVA,MOZ,136.0
LVA,MSR,74.0
LVA,MUS,84.0
LVA,NAM,136.0
LVA,NCL,74.0
LVA,NIC,352.0
LVA,NLD,152.0
LVA,NOR,182.0
LVA,PAN,352.0
LVA,PCN,74.0
LVA,PER,355.0
LVA,PNG,101.0
LVA,POL,152.0
LVA,PRT,152.0
LVA,PSE,117.0
LVA,PYF,74.0
LVA,ROU,151.0
LVA,SGP,354.0
LVA,SLB,101.0
LVA,SLV,352.0
LVA,SMR,30.0
LVA,SPM,74.0
LVA,SRB,197.0
LVA,SUR,283.0
LVA,SVK,152.0
LVA,SVN,152.0
LVA,SWE,152.0
LVA,SWZ,136.0
LVA,SYC,84.0
LVA,SYR,32.0
LVA,TCA,74.0
LVA,TTO,283.0
LVA,TUN,136.0
LVA,TUR,119.0
LVA,UKR,397.0
LVA,VCT,283.0
LVA,VNM,438.0
LVA,WLF,74.0
LVA,WSM,101.0
LVA,ZAF,136.0
LVA,ZWE,84.0
MLT,AIA,74.0
MLT,ALB,170.0
MLT,AND,39.0
MLT,ARM,299.0
MLT,ATG,283.0
MLT,BHS,283.0
MLT,BIH,196.0
MLT,BLZ,283.0
MLT,BMU,74.0
MLT,BRB,283.0
MLT,BWA,136.0
MLT,CAN,432.0
MLT,CHE,69.0
MLT,CHL,262.0
MLT,CIV,86.0
MLT,CMR,118.0
MLT,COL,355.0
MLT,COM,84.0
MLT,CRI,352.0
MLT,CYM,74.0
MLT,DMA,283.0
MLT,DOM,283.0
MLT,DZA,153.0
MLT,ECU,355.0
MLT,EGY,141.0
MLT,FJI,101.0
MLT,FRO,69.0
MLT,GBR,409.0
MLT,GEO,332.0
MLT,GHA,77.0
MLT,GRD,283.0
MLT,GRL,74.0
MLT,GTM,352.0
MLT,GUY,283.0
MLT,HND,352.0
MLT,HTI,283.0
MLT,ISL,182.0
MLT,ISR,135.0
MLT,JAM,283.0
MLT,JOR,169.0
MLT,JPN,422.0
MLT,KNA,283.0
MLT,KOR,344.0
MLT,LBN,106.0
MLT,LCA,283.0
MLT,LIE,182.0
MLT,LSO,136.0
MLT,MAR,131.0
MLT,MDA,358.0
MLT,MDG,84.0
MLT,MEX,104.0
MLT,MKD,157.0
MLT,MNE,182.0
MLT,MOZ,136.0
MLT,MSR,74.0
MLT,MUS,84.0
MLT,NAM,136.0
MLT,NCL,74.0
MLT,NIC,352.0
MLT,NLD,152.0
MLT,NOR,182.0
MLT,PAN,352.0
MLT,PCN,74.0
MLT,PER,355.0
MLT,PNG,101.0
MLT,POL,152.0
MLT,PRT,152.0
MLT,PSE,117.0
MLT,PYF,74.0
MLT,ROU,151.0
MLT,SGP,354.0
MLT,SLB,101.0
MLT,SLV,352.0
MLT,SMR,30.0
MLT,SPM,74.0
MLT,SRB,197.0
MLT,SUR,283.0
MLT,SVK,152.0
MLT,SVN,152.0
MLT,SWE,152.0
MLT,SWZ,136.0
MLT,SYC,84.0
MLT,SYR,32.0
MLT,TCA,74.0
MLT,TTO,283.0
MLT,TUN,136.0
MLT,TUR,119.0
MLT,UKR,397.0
MLT,VCT,283.0
MLT,VNM,438.0
MLT,WLF,74.0
MLT,WSM,101.0
MLT,ZAF,136.0
MLT,ZWE,84.0
NLD,AIA,74.0
NLD,ALB,170.0
NLD,AND,39.0
NLD,ARM,299.0
NLD,ATG,283.0
NLD,BHS,283.0
NLD,BIH,196.0
NLD,BLZ,283.0
NLD,BMU,74.0
NLD,BRB,283.0
NLD,BWA,136.0
NLD,CAN,432.0
NLD,CHE,69.0
NLD,CHL,262.0
NLD,CIV,86.0
NLD,CMR,118.0
NLD,COL,355.0
NLD,COM,84.0
NLD,CRI,352.0
NLD,CYM,74.0
NLD,DMA,283.0
NLD,DOM,283.0
NLD,DZA,153.0
NLD,ECU,355.0
NLD,EGY,141.0
NLD,FJI,101.0
NLD,FRO,69.0
NLD,GBR,409.0
NLD,GEO,332.0
NLD,GHA,77.0
NLD,GRD,283.0
NLD,GRL,74.0
NLD,GTM,352.0
NLD,GUY,283.0
NLD,HND,352.0
NLD,HTI,283.0
NLD,ISL,182.0
NLD,ISR,135.0
NLD,JAM,283.0
NLD,JOR,169.0
NLD,JPN,422.0
NLD,KNA,283.0
NLD,KOR,344.0
NLD,LBN,106.0
NLD,LCA,283.0
NLD,LIE,182.0
NLD,LSO,136.0
NLD,MAR,131.0
NLD,MDA,358.0
NLD,MDG,84.0
NLD,MEX,104.0
NLD,MKD,157.0
NLD,MNE,182.0
NLD,MOZ,136.0
NLD,MSR,74.0
NLD,MUS,84.0
NLD,NAM,136.0
NLD,NCL,74.0
NLD,NIC,352.0
NLD,NOR,182.0
NLD,PAN,352.0
NLD,PCN,74.0
NLD,PER,355.0
NLD,PNG,101.0
NLD,POL,152.0
NLD,PRT,167.0
NLD,PSE,117.0
NLD,PYF,74.0
NLD,ROU,151.0
NLD,SGP,354.0
NLD,SLB,101.0
NLD,SLV,352.0
NLD,SMR,30.0
NLD,SPM,74.0
NLD,SRB,197.0
NLD,SUR,283.0
NLD,SVK,152.0
NLD,SVN,152.0
NLD,SWE,160.0
NLD,SWZ,136.0
NLD,SYC,84.0
NLD,SYR,32.0
NLD,TCA,74.0
NLD,TTO,283.0
NLD,TUN,136.0
NLD,TUR,119.0
NLD,UKR,397.0
NLD,VCT,283.0
NLD,VNM,438.0
NLD,WLF,74.0
NLD,WSM,101.0
NLD,ZAF,136.0
NLD,ZWE,84.0
POL,AIA,74.0
POL,ALB,170.0
POL,AND,39.0
POL,ARM,299.0
POL,ATG,283.0
POL,BHS,283.0
POL,BIH,196.0
POL,BLZ,283.0
POL,BMU,74.0
POL,BRB,283.0
POL,BWA,136.0
POL,CAN,432.0
POL,CHE,69.0
POL,CHL,262.0
POL,CIV,86.0
POL,CMR,118.0
POL,COL,355.0
POL,COM,84.0
POL,CRI,352.0
POL,CYM,74.0
POL,DMA,283.0
POL,DOM,283.0
POL,DZA,153.0
POL,ECU,355.0
POL,EGY,141.0
POL,FJI,101.0
POL,FRO,69.0
POL,GBR,409.0
POL,GEO,332.0
POL,GHA,77.0
POL,GRD,283.0
POL,GRL,74.0
POL,GTM,352.0
POL,GUY,283.0
POL,HND,352.0
POL,HTI,283.0
POL,ISL,182.0
POL,ISR,135.0
POL,JAM,283.0
POL,JOR,169.0
POL,JPN,422.0
POL,KNA,283.0
POL,KOR,344.0
POL,LBN,106.0
POL,LCA,283.0
POL,LIE,182.0
POL,LSO,136.0
POL,MAR,131.0
POL,MDA,358.0
POL,MDG,84.0
POL,MEX,104.0
POL,MKD,157.0
POL,MNE,182.0
POL,MOZ,136.0
POL,MSR,74.0
POL,MUS,84.0
POL,NAM,136.0
POL,NCL,74.0
POL,NIC,352.0
POL,NOR,182.0
POL,PAN,352.0
POL,PCN,74.0
POL,PER,355.0
POL,PNG,101.0
POL,PRT,152.0
POL,PSE,117.0
POL,PYF,74.0
POL,ROU,151.0
POL,SGP,354.0
POL,SLB,101.0
POL,SLV,352.0
POL,SMR,30.0
POL,SPM,74.0
POL,SRB,197.0
POL,SUR,283.0
POL,SVK,152.0
POL,SVN,152.0
POL,SWE,152.0
POL,SWZ,136.0
POL,SYC,84.0
POL,SYR,32.0
POL,TCA,74.0
POL,TTO,283.0
POL,TUN,136.0
POL,TUR,119.0
POL,UKR,397.0
POL,VCT,283.0
POL,VNM,438.0
POL,WLF,74.0
POL,WSM,101.0
POL,ZAF,136.0
POL,ZWE,84.0
PRT,AIA,74.0
PRT,ALB,170.0
PRT,AND,39.0
PRT,ARM,299.0
PRT,ATG,283.0
PRT,BHS,283.0
PRT,BIH,196.0
PRT,BLZ,283.0
PRT,BMU,74.0
PRT,BRB,283.0
PRT,BWA,136.0
PRT,CAN,432.0
PRT,CHE,201.0
PRT,CHL,262.0
PRT,CIV,86.0
PRT,CMR,118.0
PRT,COL,355.0
PRT,COM,84.0
PRT,CRI,352.0
PRT,CYM,74.0
PRT,DMA,283.0
PRT,DOM,283.0
PRT,DZA,153.0
PRT,ECU,355.0
PRT,EGY,141.0
PRT,FJI,101.0
PRT,FRO,69.0
PRT,GBR,409.0
PRT,GEO,332.0
PRT,GHA,77.0
PRT,GRD,283.0
PRT,GRL,74.0
PRT,GTM,352.0
PRT,GUY,283.0
PRT,HND,352.0
PRT,HTI,283.0
PRT,ISL,201.0
PRT,ISR,135.0
PRT,JAM,283.0
PRT,JOR,169.0
PRT,JPN,422.0
PRT,KNA,283.0
PRT,KOR,344.0
PRT,LBN,106.0
PRT,LCA,283.0
PRT,LIE,182.0
PRT,LSO,136.0
PRT,MAR,131.0
PRT,MDA,358.0
PRT,MDG,84.0
PRT,MEX,104.0
PRT,MKD,157.0
PRT,MNE,182.0
PRT,MOZ,136.0
PRT,MSR,74.0
PRT,MUS,84.0
PRT,NAM,136.0
PRT,NCL,74.0
PRT,NIC,352.0
PRT,NOR,201.0
PRT,PAN,352.0
PRT,PCN,74.0
PRT,PER,355.0
PRT,PNG,101.0
PRT,PSE,117.0
PRT,PYF,74.0
PRT,ROU,151.0
PRT,SGP,354.0
PRT,SLB,101.0
PRT,SLV,352.0
PRT,SMR,30.0
PRT,SPM,74.0
PRT,SRB,197.0
PRT,SUR,283.0
PRT,SVK,152.0
PRT,SVN,152.0
PRT,SWE,160.0
PRT,SWZ,136.0
PRT,SYC,84.0
PRT,SYR,32.0
PRT,TCA,74.0
PRT,TTO,283.0
PRT,TUN,136.0
PRT,TUR,119.0
PRT,UKR,397.0
PRT,VCT,283.0
PRT,VNM,438.0
PRT,WLF,74.0
PRT,WSM,101.0
PRT,ZAF,136.0
PRT,ZWE,84.0
ROU,AIA,74.0
ROU,ALB,170.0
ROU,AND,39.0
ROU,ARG,11.0
ROU,ARM,299.0
ROU,ATG,283.0
ROU,BEN,11.0
ROU,BGD,11.0
ROU,BHS,283.0
ROU,BIH,196.0
ROU,BLZ,283.0
ROU,BMU,74.0
ROU,BOL,11.0
ROU,BRA,11.0
ROU,BRB,283.0
ROU,BWA,136.0
ROU,CAN,432.0
ROU,CHE,69.0
ROU,CHL,262.0
ROU,CIV,86.0
ROU,CMR,118.0
ROU,COL,355.0
ROU,COM,84.0
ROU,CRI,352.0
ROU,CUB,11.0
ROU,CYM,74.0
ROU,DMA,283.0
ROU,DOM,283.0
ROU,DZA,153.0
ROU,ECU,355.0
ROU,EGY,141.0
ROU,FJI,101.0
ROU,FRO,69.0
ROU,GBR,409.0
ROU,GEO,332.0
ROU,GHA,77.0
ROU,GIN,11.0
ROU,GRD,283.0
ROU,GRL,74.0
ROU,GTM,352.0
ROU,GUY,283.0
ROU,HND,352.0
ROU,HTI,283.0
ROU,IDN,11.0
ROU,IND,11.0
ROU,IRN,11.0
ROU,IRQ,11.0
ROU,ISL,182.0
ROU,ISR,135.0
ROU,JAM,283.0
ROU,JOR,169.0
ROU,JPN,422.0
ROU,KNA,283.0
ROU,KOR,344.0
ROU,LBN,106.0
ROU,LBY,11.0
ROU,LCA,283.0
ROU,LIE,182.0
ROU,LKA,11.0
ROU,LSO,136.0
ROU,MAR,131.0
ROU,MDA,358.0
ROU,MDG,84.0
ROU,MEX,104.0
ROU,MKD,163.0
ROU,MMR,11.0
ROU,MNE,182.0
ROU,MOZ,136.0
ROU,MSR,74.0
ROU,MUS,84.0
ROU,MYS,11.0
ROU,NAM,136.0
ROU,NCL,74.0
ROU,NGA,11.0
ROU,NIC,352.0
ROU,NOR,182.0
ROU,PAK,11.0
ROU,PAN,352.0
ROU,PCN,74.0
ROU,PER,355.0
ROU,PHL,11.0
ROU,PNG,101.0
ROU,PRK,11.0
ROU,PSE,117.0
ROU,PYF,74.0
ROU,SDN,11.0
ROU,SGP,354.0
ROU,SLB,101.0
ROU,SLV,352.0
ROU,SMR,30.0
ROU,SPM,74.0
ROU,SRB,197.0
ROU,SUR,283.0
ROU,SVK,151.0
ROU,SVN,151.0
ROU,SWE,151.0
ROU,SWZ,136.0
ROU,SYC,84.0
ROU,SYR,32.0
ROU,TCA,74.0
ROU,THA,11.0
ROU,TTO,283.0
ROU,TUN,136.0
ROU,TUR,119.0
ROU,TZA,11.0
ROU,UKR,397.0
ROU,VCT,283.0
ROU,VEN,11.0
ROU,VNM,438.0
ROU,WLF,74.0
ROU,WSM,101.0
ROU,XKX,163.0
ROU,ZAF,136.0
ROU,ZWE,84.0
SVK,AIA,74.0
SVK,ALB,170.0
SVK,AND,39.0
SVK,ARM,299.0
SVK,ATG,283.0
SVK,BHS,283.0
SVK,BIH,196.0
SVK,BLZ,283.0
SVK,BMU,74.0
SVK,BRB,283.0
SVK,BWA,136.0
SVK,CAN,432.0
SVK,CHE,69.0
SVK,CHL,262.0
SVK,CIV,86.0
SVK,CMR,118.0
SVK,COL,355.0
SVK,COM,84.0
SVK,CRI,352.0
SVK,CYM,74.0
SVK,DMA,283.0
SVK,DOM,283.0
SVK,DZA,153.0
SVK,ECU,355.0
SVK,EGY,141.0
SVK,FJI,101.0
SVK,FRO,69.0
SVK,GBR,409.0
SVK,GEO,332.0
SVK,GHA,77.0
SVK,GRD,283.0
SVK,GRL,74.0
SVK,GTM,352.0
SVK,GUY,283.0
SVK,HND,352.0
SVK,HTI,283.0
SVK,ISL,182.0
SVK,ISR,135.0
SVK,JAM,283.0
SVK,JOR,169.0
SVK,JPN,422.0
SVK,KNA,283.0
SVK,KOR,344.0
SVK,LBN,106.0
SVK,LCA,283.0
SVK,LIE,182.0
SVK,LSO,136.0
SVK,MAR,131.0
SVK,MDA,358.0
SVK,MDG,84.0
SVK,MEX,104.0
SVK,MKD,157.0
SVK,MNE,182.0
SVK,MOZ,136.0
SVK,MSR,74.0
SVK,MUS,84.0
SVK,NAM,136.0
SVK,NCL,74.0
SVK,NIC,352.0
SVK,NOR,182.0
SVK,PAN,352.0
SVK,PCN,74.0
SVK,PER,355.0
SVK,PNG,101.0
SVK,PSE,117.0
SVK,PYF,74.0
SVK,SGP,354.0
SVK,SLB,101.0
SVK,SLV,352.0
SVK,SMR,30.0
SVK,SPM,74.0
SVK,SRB,197.0
SVK,SUR,283.0
SVK,SVN,152.0
SVK,SWE,152.0
SVK,SWZ,136.0
SVK,SYC,84.0
SVK,SYR,32.0
SVK,TCA,74.0
SVK,TTO,283.0
SVK,TUN,136.0
SVK,TUR,119.0
SVK,UKR,397.0
SVK,VCT,283.0
SVK,VNM,438.0
SVK,WLF,74.0
SVK,WSM,101.0
SVK,ZAF,136.0
SVK,ZWE,84.0
SVN,AIA,74.0
SVN,ALB,170.0
SVN,AND,39.0
SVN,ARM,299.0
SVN,ATG,283.0
SVN,BHS,283.0
SVN,BIH,196.0
SVN,BLZ,283.0
SVN,BMU,74.0
SVN,BRB,283.0
SVN,BWA,136.0
SVN,CAN,432.0
SVN,CHE,69.0
SVN,CHL,262.0
SVN,CIV,86.0
SVN,CMR,118.0
SVN,COL,355.0
SVN,COM,84.0
SVN,CRI,352.0
SVN,CYM,74.0
SVN,DMA,283.0
SVN,DOM,283.0
SVN,DZA,153.0
SVN,ECU,355.0
SVN,EGY,141.0
SVN,FJI,101.0
SVN,FRO,69.0
SVN,GBR,409.0
SVN,GEO,332.0
SVN,GHA,77.0
SVN,GRD,283.0
SVN,GRL,74.0
SVN,GTM,352.0
SVN,GUY,283.0
SVN,HND,352.0
SVN,HTI,283.0
SVN,ISL,182.0
SVN,ISR,135.0
SVN,JAM,283.0
SVN,JOR,169.0
SVN,JPN,422.0
SVN,KNA,283.0
SVN,KOR,344.0
SVN,LBN,106.0
SVN,LCA,283.0
SVN,LIE,182.0
SVN,LSO,136.0
SVN,MAR,131.0
SVN,MDA,358.0
SVN,MDG,84.0
SVN,MEX,104.0
SVN,MKD,157.0
SVN,MNE,182.0
SVN,MOZ,136.0
SVN,MSR,74.0
SVN,MUS,84.0
SVN,NAM,136.0
SVN,NCL,74.0
SVN,NIC,352.0
SVN,NOR,182.0
SVN,PAN,352.0
SVN,PCN,74.0
SVN,PER,355.0
SVN,PNG,101.0
SVN,PSE,117.0
SVN,PYF,74.0
SVN,SGP,354.0
SVN,SLB,101.0
SVN,SLV,352.0
SVN,SMR,30.0
SVN,SPM,74.0
SVN,SRB,197.0
SVN,SUR,283.0
SVN,SWE,152.0
SVN,SWZ,136.0
SVN,SYC,84.0
SVN,SYR,32.0
SVN,TCA,74.0
SVN,TTO,283.0
SVN,TUN,136.0
SVN,TUR,119.0
SVN,UKR,397.0
SVN,VCT,283.0
SVN,VNM,438.0
SVN,WLF,74.0
SVN,WSM,101.0
SVN,ZAF,136.0
SVN,ZWE,84.0
SWE,AIA,74.0
SWE,ALB,170.0
SWE,AND,39.0
SWE,ARM,299.0
SWE,ATG,283.0
SWE,BHS,283.0
SWE,BIH,196.0
SWE,BLZ,283.0
SWE,BMU,74.0
SWE,BRB,283.0
SWE,BWA,136.0
SWE,CAN,432.0
SWE,CHE,201.0
SWE,CHL,262.0
SWE,CIV,86.0
SWE,CMR,118.0
SWE,COL,355.0
SWE,COM,84.0
SWE,CRI,352.0
SWE,CYM,74.0
SWE,DMA,283.0
SWE,DOM,283.0
SWE,DZA,153.0
SWE,ECU,355.0
SWE,EGY,141.0
SWE,FJI,101.0
SWE,FRO,69.0
SWE,GBR,409.0
SWE,GEO,332.0
SWE,GHA,77.0
SWE,GRD,283.0
SWE,GRL,74.0
SWE,GTM,352.0
SWE,GUY,283.0
SWE,HND,352.0
SWE,HTI,283.0
SWE,ISL,201.0
SWE,ISR,135.0
SWE,JAM,283.0
SWE,JOR,169.0
SWE,JPN,422.0
SWE,KNA,283.0
SWE,KOR,344.0
SWE,LBN,106.0
SWE,LCA,283.0
SWE,LIE,201.0
SWE,LSO,136.0
SWE,MAR,131.0
SWE,MDA,358.0
SWE,MDG,84.0
SWE,MEX,104.0
SWE,MKD,157.0
SWE,MNE,182.0
SWE,MOZ,136.0
SWE,MSR,74.0
SWE,MUS,84.0
SWE,NAM,136.0
SWE,NCL,74.0
SWE,NIC,352.0
SWE,NOR,201.0
SWE,PAN,352.0
SWE,PCN,74.0
SWE,PER,355.0
SWE,PNG,101.0
SWE,PSE,117.0
SWE,PYF,74.0
SWE,SGP,354.0
SWE,SLB,101.0
SWE,SLV,352.0
SWE,SMR,30.0
SWE,SPM,74.0
SWE,SRB,197.0
SWE,SUR,283.0
SWE,SWZ,136.0
SWE,SYC,84.0
SWE,SYR,32.0
SWE,TCA,74.0
SWE,TTO,283.0
SWE,TUN,136.0
SWE,TUR,119.0
SWE,UKR,397.0
SWE,VCT,283.0
SWE,VNM,438.0
SWE,WLF,74.0
SWE,WSM,101.0
SWE,ZAF,136.0
SWE,ZWE,84.0
AFG,BGD,46.0
AFG,BTN,46.0
AFG,IND,46.0
AFG,LKA,46.0
AFG,MDV,46.0
AFG,NPL,46.0
AFG,PAK,46.0
BGD,ARG,11.0
BGD,BEN,11.0
BGD,BOL,11.0
BGD,BRA,11.0
BGD,BTN,46.0
BGD,CHL,11.0
BGD,CHN,52.0
BGD,CMR,11.0
BGD,COL,11.0
BGD,CUB,11.0
BGD,DZA,11.0
BGD,ECU,11.0
BGD,EGY,11.0
BGD,GHA,11.0
BGD,GIN,11.0
BGD,GUY,11.0
BGD,IDN,11.0
BGD,IND,52.0
BGD,IRN,11.0
BGD,IRQ,11.0
BGD,KOR,52.0
BGD,LAO,52.0
BGD,LBY,11.0
BGD,LKA,52.0
BGD,MAR,11.0
BGD,MDV,46.0
BGD,MEX,11.0
BGD,MMR,11.0
BGD,MOZ,11.0
BGD,MYS,11.0
BGD,NGA,11.0
BGD,NIC,11.0
BGD,NPL,46.0
BGD,PAK,46.0
BGD,PER,11.0
BGD,PHL,11.0
BGD,PRK,11.0
BGD,SDN,11.0
BGD,SGP,11.0
BGD,THA,11.0
BGD,TTO,11.0
BGD,TUN,11.0
BGD,TZA,11.0
BGD,VEN,11.0
BGD,VNM,11.0
BGD,ZWE,11.0
BTN,IND,46.0
BTN,LKA,46.0
BTN,MDV,46.0
BTN,NPL,46.0
BTN,PAK,46.0
IND,ARE,252.0
IND,ARG,56.0
IND,AUS,166.0
IND,BEN,11.0
IND,BOL,11.0
IND,BRA,56.0
IND,BRN,145.0
IND,CHL,77.0
IND,CHN,52.0
IND,CMR,11.0
IND,COL,11.0
IND,CUB,11.0
IND,DZA,11.0
IND,ECU,11.0
IND,EGY,11.0
IND,GHA,11.0
IND,GIN,11.0
IND,GUY,11.0
IND,IDN,145.0
IND,IRN,11.0
IND,IRQ,11.0
IND,JPN,213.0
IND,KHM,145.0
IND,KOR,219.0
IND,LAO,145.0
IND,LBY,11.0
IND,LKA,52.0
IND,MAR,11.0
IND,MDV,46.0
IND,MEX,11.0
IND,MMR,145.0
IND,MOZ,11.0
IND,MUS,92.0
IND,MYS,179.0
IND,NGA,11.0
IND,NIC,11.0
IND,NPL,46.0
IND,PAK,46.0
IND,PER,11.0
IND,PHL,145.0
IND,PRK,11.0
IND,PRY,56.0
IND,SDN,11.0
IND,SGP,174.0
IND,THA,145.0
IND,TTO,11.0
IND,TUN,11.0
IND,TZA,11.0
IND,URY,56.0
IND,VEN,11.0
IND,VNM,145.0
IND,ZWE,11.0
LKA,ARG,11.0
LKA,BEN,11.0
LKA,BOL,11.0
LKA,BRA,11.0
LKA,CHL,11.0
LKA,CHN,52.0
LKA,CMR,11.0
LKA,COL,11.0
LKA,CUB,11.0
LKA,DZA,11.0
LKA,ECU,11.0
LKA,EGY,11.0
LKA,GHA,11.0
LKA,GIN,11.0
LKA,GUY,11.0
LKA,IDN,11.0
LKA,IRN,11.0
LKA,IRQ,11.0
LKA,KOR,52.0
LKA,LAO,52.0
LKA,LBY,11.0
LKA,MAR,11.0
LKA,MDV,46.0
LKA,MEX,11.0
LKA,MMR,11.0
LKA,MOZ,11.0
LKA,MYS,11.0
LKA,NGA,11.0
LKA,NIC,11.0
LKA,NPL,46.0
LKA,PAK,53.0
LKA,PER,11.0
LKA,PHL,11.0
LKA,PRK,11.0
LKA,SDN,11.0
LKA,SGP,11.0
LKA,THA,11.0
LKA,TTO,11.0
LKA,TUN,11.0
LKA,TZA,11.0
LKA,VEN,11.0
LKA,VNM,11.0
LKA,ZWE,11.0
MDV,NPL,46.0
MDV,PAK,46.0
NPL,PAK,46.0
PAK,ARG,11.0
PAK,BEN,11.0
PAK,BOL,11.0
PAK,BRA,11.0
PAK,CHL,11.0
PAK,CHN,126.0
PAK,CMR,11.0
PAK,COL,11.0
PAK,CUB,11.0
PAK,DZA,11.0
PAK,ECU,11.0
PAK,EGY,11.0
PAK,GHA,11.0
PAK,GIN,11.0
PAK,GUY,11.0
PAK,IDN,11.0
PAK,IRN,52.0
PAK,IRQ,11.0
PAK,KOR,11.0
PAK,LBY,11.0
PAK,MAR,11.0
PAK,MEX,11.0
PAK,MMR,11.0
PAK,MOZ,11.0
PAK,MUS,51.0
PAK,MYS,181.0
PAK,NGA,11.0
PAK,NIC,11.0
PAK,PER,11.0
PAK,PHL,11.0
PAK,PRK,11.0
PAK,SDN,11.0
PAK,SGP,11.0
PAK,THA,11.0
PAK,TTO,11.0
PAK,TUN,11.0
PAK,TUR,52.0
PAK,TZA,11.0
PAK,VEN,11.0
PAK,VNM,11.0
PAK,ZWE,11.0
AGO,BDI,164.0
AGO,BFA,164.0
AGO,BWA,164.0
AGO,CAF,164.0
AGO,CIV,164.0
AGO,CMR,164.0
AGO,COD,164.0
AGO,COG,164.0
AGO,COM,164.0
AGO,CPV,164.0
AGO,DJI,164.0
AGO,DZA,164.0
AGO,EGY,164.0
AGO,ERI,160.0
AGO,ETH,164.0
AGO,GAB,164.0
AGO,GHA,164.0
AGO,GIN,164.0
AGO,GNB,164.0
AGO,GNQ,164.0
AGO,KEN,164.0
AGO,LBR,164.0
AGO,LBY,164.0
AGO,LSO,164.0
AGO,MAR,164.0
AGO,MDG,164.0
AGO,MLI,164.0
AGO,MOZ,164.0
AGO,MRT,164.0
AGO,MUS,164.0
AGO,MWI,164.0
AGO,NAM,164.0
AGO,NER,164.0
AGO,NGA,164.0
AGO,RWA,164.0
AGO,SDN,164.0
AGO,SEN,164.0
AGO,SLE,164.0
AGO,SOM,164.0
AGO,SSD,164.0
AGO,STP,164.0
AGO,SWZ,164.0
AGO,SYC,164.0
AGO,TCD,164.0
AGO,TGO,164.0
AGO,TUN,164.0
AGO,TZA,164.0
AGO,UGA,164.0
AGO,ZAF,164.0
AGO,ZMB,164.0
AGO,ZWE,164.0
BDI,BFA,164.0
BDI,BWA,164.0
BDI,CAF,164.0
BDI,CIV,164.0
BDI,CMR,164.0
BDI,COD,164.0
BDI,COG,164.0
BDI,COM,164.0
BDI,CPV,164.0
BDI,DJI,164.0
BDI,DZA,164.0
BDI,EGY,164.0
BDI,ERI,160.0
BDI,ETH,164.0
BDI,GAB,164.0
BDI,GHA,164.0
BDI,GIN,164.0
BDI,GNB,164.0
BDI,GNQ,164.0
BDI,KEN,164.0
BDI,LBR,164.0
BDI,LBY,164.0
BDI,LSO,164.0
BDI,MAR,164.0
BDI,MDG,164.0
BDI,MLI,164.0
BDI,MOZ,164.0
BDI,MRT,164.0
BDI,MUS,164.0
BDI,MWI,164.0
BDI,NAM,164.0
BDI,NER,164.0
BDI,NGA,164.0
BDI,RWA,164.0
BDI,SDN,164.0
BDI,SEN,164.0
BDI,SLE,164.0
BDI,SOM,164.0
BDI,SSD,164.0
BDI,STP,164.0
BDI,SWZ,164.0
BDI,SYC,164.0
BDI,TCD,164.0
BDI,TGO,164.0
BDI,TUN,164.0
BDI,TZA,164.0
BDI,UGA,164.0
BDI,ZAF,164.0
BDI,ZMB,164.0
BDI,ZWE,164.0
BFA,BEN,103.0
BFA,BWA,164.0
BFA,CAF,164.0
BFA,CIV,164.0
BFA,CMR,164.0
BFA,COD,164.0
BFA,COG,164.0
BFA,COM,164.0
BFA,CPV,164.0
BFA,DJI,164.0
BFA,DZA,164.0
BFA,EGY,164.0
BFA,ETH,164.0
BFA,GAB,164.0
BFA,GHA,164.0
BFA,GIN,164.0
BFA,GMB,103.0
BFA,GNB,164.0
BFA,GNQ,164.0
BFA,KEN,164.0
BFA,LBR,164.0
BFA,LBY,164.0
BFA,LSO,164.0
BFA,MAR,164.0
BFA,MDG,164.0
BFA,MLI,164.0
BFA,MOZ,164.0
BFA,MRT,164.0
BFA,MUS,164.0
BFA,MWI,164.0
BFA,NAM,164.0
BFA,NER,164.0
BFA,NGA,164.0
BFA,RWA,164.0
BFA,SDN,164.0
BFA,SEN,164.0
BFA,SLE,164.0
BFA,SOM,164.0
BFA,SSD,164.0
BFA,STP,164.0
BFA,SWZ,164.0
BFA,SYC,164.0
BFA,TCD,164.0
BFA,TGO,164.0
BFA,TUN,164.0
BFA,TZA,164.0
BFA,UGA,164.0
BFA,ZAF,164.0
BFA,ZMB,164.0
BFA,ZWE,164.0
BWA,ARG,37.0
BWA,BRA,37.0
BWA,CAF,164.0
BWA,CHE,112.0
BWA,CIV,164.0
BWA,CMR,164.0
BWA,COD,164.0
BWA,COG,164.0
BWA,COM,164.0
BWA,CPV,164.0
BWA,DJI,164.0
BWA,DZA,164.0
BWA,EGY,164.0
BWA,ETH,164.0
BWA,GAB,164.0
BWA,GBR,136.0
BWA,GHA,164.0
BWA,GIN,164.0
BWA,GNB,164.0
BWA,GNQ,164.0
BWA,ISL,112.0
BWA,KEN,164.0
BWA,LBR,164.0
BWA,LBY,164.0
BWA,LIE,112.0
BWA,LSO,164.0
BWA,MAR,164.0
BWA,MDG,164.0
BWA,MLI,164.0
BWA,MOZ,164.0
BWA,MRT,164.0
BWA,MUS,164.0
BWA,MWI,164.0
BWA,NAM,164.0
BWA,NER,164.0
BWA,NGA,164.0
BWA,NOR,112.0
BWA,PRY,37.0
BWA,RWA,164.0
BWA,SDN,164.0
BWA,SEN,164.0
BWA,SLE,164.0
BWA,SOM,164.0
BWA,SSD,164.0
BWA,STP,164.0
BWA,SWZ,164.0
BWA,SYC,164.0
BWA,TCD,164.0
BWA,TGO,164.0
BWA,TUN,164.0
BWA,TZA,164.0
BWA,UGA,164.0
BWA,URY,37.0
BWA,ZAF,164.0
BWA,ZMB,164.0
BWA,ZWE,164.0
CAF,CIV,164.0
CAF,CMR,164.0
CAF,COD,164.0
CAF,COG,164.0
CAF,COM,164.0
CAF,CPV,164.0
CAF,DJI,164.0
CAF,DZA,164.0
CAF,EGY,164.0
CAF,ETH,164.0
CAF,GAB,164.0
CAF,GHA,164.0
CAF,GIN,164.0
CAF,GNB,164.0
CAF,GNQ,164.0
CAF,KEN,164.0
CAF,LBR,164.0
CAF,LBY,164.0
CAF,LSO,164.0
CAF,MAR,164.0
CAF,MDG,164.0
CAF,MLI,164.0
CAF,MOZ,164.0
CAF,MRT,164.0
CAF,MUS,164.0
CAF,MWI,164.0
CAF,NAM,164.0
CAF,NER,164.0
CAF,NGA,164.0
CAF,RWA,164.0
CAF,SDN,164.0
CAF,SEN,164.0
CAF,SLE,164.0
CAF,SOM,164.0
CAF,SSD,164.0
CAF,STP,164.0
CAF,SWZ,164.0
CAF,SYC,164.0
CAF,TCD,164.0
CAF,TGO,164.0
CAF,TUN,164.0
CAF,TZA,164.0
CAF,UGA,164.0
CAF,ZAF,164.0
CAF,ZMB,164.0
CAF,ZWE,164.0
CIV,BEN,103.0
CIV,CMR,164.0
CIV,COD,164.0
CIV,COG,164.0
CIV,COM,164.0
CIV,CPV,164.0
CIV,DJI,164.0
CIV,DZA,164.0
CIV,EGY,164.0
CIV,ETH,164.0
CIV,GAB,164.0
CIV,GBR,86.0
CIV,GHA,164.0
CIV,GIN,164.0
CIV,GMB,103.0
CIV,GNB,164.0
CIV,GNQ,164.0
CIV,KEN,164.0
CIV,LBR,164.0
CIV,LBY,164.0
CIV,LSO,164.0
CIV,MAR,164.0
CIV,MDG,164.0
CIV,MLI,164.0
CIV,MOZ,164.0
CIV,MRT,164.0
CIV,MUS,164.0
CIV,MWI,164.0
CIV,NAM,164.0
CIV,NER,164.0
CIV,NGA,164.0
CIV,RWA,164.0
CIV,SDN,164.0
CIV,SEN,164.0
CIV,SLE,164.0
CIV,SOM,164.0
CIV,SSD,164.0
CIV,STP,164.0
CIV,SWZ,164.0
CIV,SYC,164.0
CIV,TCD,164.0
CIV,TGO,164.0
CIV,TUN,164.0
CIV,TZA,164.0
CIV,UGA,164.0
CIV,ZAF,164.0
CIV,ZMB,164.0
CIV,ZWE,164.0
CMR,ARG,11.0
CMR,BEN,11.0
CMR,BOL,11.0
CMR,BRA,11.0
CMR,CHL,11.0
CMR,COD,164.0
CMR,COG,164.0
CMR,COL,11.0
CMR,COM,164.0
CMR,CPV,164.0
CMR,CUB,11.0
CMR,DJI,164.0
CMR,DZA,164.0
CMR,ECU,11.0
CMR,EGY,164.0
CMR,ETH,164.0
CMR,GAB,164.0
CMR,GBR,118.0
CMR,GHA,164.0
CMR,GIN,164.0
CMR,GNB,164.0
CMR,GNQ,164.0
CMR,GUY,11.0
CMR,IDN,11.0
CMR,IRN,11.0
CMR,IRQ,11.0
CMR,KEN,164.0
CMR,KOR,11.0
CMR,LBR,164.0
CMR,LBY,164.0
CMR,LSO,164.0
CMR,MAR,164.0
CMR,MDG,164.0
CMR,MEX,11.0
CMR,MLI,164.0
CMR,MMR,11.0
CMR,MOZ,164.0
CMR,MRT,164.0
CMR,MUS,164.0
CMR,MWI,164.0
CMR,MYS,11.0
CMR,NAM,164.0
CMR,NER,164.0
CMR,NGA,164.0
CMR,NIC,11.0
CMR,PER,11.0
CMR,PHL,11.0
CMR,PRK,11.0
CMR,RWA,164.0
CMR,SDN,164.0
CMR,SEN,164.0
CMR,SGP,11.0
CMR,SLE,164.0
CMR,SOM,164.0
CMR,SSD,164.0
CMR,STP,164.0
CMR,SWZ,164.0
CMR,SYC,164.0
CMR,TCD,164.0
CMR,TGO,164.0
CMR,THA,11.0
CMR,TTO,11.0
CMR,TUN,164.0
CMR,TZA,164.0
CMR,UGA,164.0
CMR,VEN,11.0
CMR,VNM,11.0
CMR,ZAF,164.0
CMR,ZMB,164.0
CMR,ZWE,164.0
COD,COG,164.0
COD,COM,164.0
COD,CPV,164.0
COD,DJI,164.0
COD,DZA,164.0
COD,EGY,164.0
COD,ERI,160.0
COD,ETH,164.0
COD,GAB,164.0
COD,GHA,164.0
COD,GIN,164.0
COD,GNB,164.0
COD,GNQ,164.0
COD,KEN,164.0
COD,LBR,164.0
COD,LBY,164.0
COD,LSO,164.0
COD,MAR,164.0
COD,MDG,164.0
COD,MLI,164.0
COD,MOZ,164.0
COD,MRT,164.0
COD,MUS,164.0
COD,MWI,164.0
COD,NAM,164.0
COD,NER,164.0
COD,NGA,164.0
COD,RWA,164.0
COD,SDN,164.0
COD,SEN,164.0
COD,SLE,164.0
COD,SOM,164.0
COD,SSD,164.0
COD,STP,164.0
COD,SWZ,164.0
COD,SYC,164.0
COD,TCD,164.0
COD,TGO,164.0
COD,TUN,164.0
COD,TZA,164.0
COD,UGA,164.0
COD,ZAF,164.0
COD,ZMB,164.0
COD,ZWE,164.0
COG,COM,164.0
COG,CPV,164.0
COG,DJI,164.0
COG,DZA,164.0
COG,EGY,164.0
COG,ETH,164.0
COG,GAB,164.0
COG,GHA,164.0
COG,GIN,164.0
COG,GNB,164.0
COG,GNQ,164.0
COG,KEN,164.0
COG,LBR,164.0
COG,LBY,164.0
COG,LSO,164.0
COG,MAR,164.0
COG,MDG,164.0
COG,MLI,164.0
COG,MOZ,164.0
COG,MRT,164.0
COG,MUS,164.0
COG,MWI,164.0
COG,NAM,164.0
COG,NER,164.0
COG,NGA,164.0
COG,RWA,164.0
COG,SDN,164.0
COG,SEN,164.0
COG,SLE,164.0
COG,SOM,164.0
COG,SSD,164.0
COG,STP,164.0
COG,SWZ,164.0
COG,SYC,164.0
COG,TCD,164.0
COG,TGO,164.0
COG,TUN,164.0
COG,TZA,164.0
COG,UGA,164.0
COG,ZAF,164.0
COG,ZMB,164.0
COG,ZWE,164.0
COM,CPV,164.0
COM,DJI,164.0
COM,DZA,164.0
COM,EGY,164.0
COM,ERI,160.0
COM,ETH,164.0
COM,GAB,164.0
COM,GBR,84.0
COM,GHA,164.0
COM,GIN,164.0
COM,GNB,164.0
COM,GNQ,164.0
COM,KEN,164.0
COM,LBR,164.0
COM,LBY,164.0
COM,LSO,164.0
COM,MAR,164.0
COM,MDG,164.0
COM,MLI,164.0
COM,MOZ,164.0
COM,MRT,164.0
COM,MUS,164.0
COM,MWI,164.0
COM,NAM,164.0
COM,NER,164.0
COM,NGA,164.0
COM,RWA,164.0
COM,SDN,164.0
COM,SEN,164.0
COM,SLE,164.0
COM,SOM,164.0
COM,SSD,164.0
COM,STP,164.0
COM,SWZ,164.0
COM,SYC,164.0
COM,TCD,164.0
COM,TGO,164.0
COM,TUN,164.0
COM,TZA,164.0
COM,UGA,164.0
COM,ZAF,164.0
COM,ZMB,164.0
COM,ZWE,164.0
CPV,BEN,103.0
CPV,DJI,164.0
CPV,DZA,164.0
CPV,EGY,164.0
CPV,ETH,164.0
CPV,GAB,164.0
CPV,GHA,164.0
CPV,GIN,164.0
CPV,GMB,103.0
CPV,GNB,164.0
CPV,GNQ,164.0
CPV,KEN,164.0
CPV,LBR,164.0
CPV,LBY,164.0
CPV,LSO,164.0
CPV,MAR,164.0
CPV,MDG,164.0
CPV,MLI,164.0
CPV,MOZ,164.0
CPV,MRT,164.0
CPV,MUS,164.0
CPV,MWI,164.0
CPV,NAM,164.0
CPV,NER,164.0
CPV,NGA,164.0
CPV,RWA,164.0
CPV,SDN,164.0
CPV,SEN,164.0
CPV,SLE,164.0
CPV,SOM,164.0
CPV,SSD,164.0
CPV,STP,164.0
CPV,SWZ,164.0
CPV,SYC,164.0
CPV,TCD,164.0
CPV,TGO,164.0
CPV,TUN,164.0
CPV,TZA,164.0
CPV,UGA,164.0
CPV,ZAF,164.0
CPV,ZMB,164.0
CPV,ZWE,164.0
DJI,DZA,164.0
DJI,EGY,164.0
DJI,ETH,164.0
DJI,GAB,164.0
DJI,GHA,164.0
DJI,GIN,164.0
DJI,GNB,164.0
DJI,GNQ,164.0
DJI,KEN,164.0
DJI,LBR,164.0
DJI,LBY,164.0
DJI,LSO,164.0
DJI,MAR,164.0
DJI,MDG,164.0
DJI,MLI,164.0
DJI,MOZ,164.0
DJI,MRT,164.0
DJI,MUS,164.0
DJI,MWI,164.0
DJI,NAM,164.0
DJI,NER,164.0
DJI,NGA,164.0
DJI,RWA,164.0
DJI,SDN,164.0
DJI,SEN,164.0
DJI,SLE,164.0
DJI,SOM,164.0
DJI,SSD,164.0
DJI,STP,164.0
DJI,SWZ,164.0
DJI,SYC,164.0
DJI,TCD,164.0
DJI,TGO,164.0
DJI,TUN,164.0
DJI,TZA,164.0
DJI,UGA,164.0
DJI,ZAF,164.0
DJI,ZMB,164.0
DJI,ZWE,164.0
DZA,ARG,11.0
DZA,BEN,11.0
DZA,BOL,11.0
DZA,BRA,11.0
DZA,CHL,11.0
DZA,COL,11.0
DZA,CUB,11.0
DZA,ECU,11.0
DZA,EGY,164.0
DZA,ETH,164.0
DZA,GAB,164.0
DZA,GBR,153.0
DZA,GHA,164.0
DZA,GIN,164.0
DZA,GNB,164.0
DZA,GNQ,164.0
DZA,GUY,11.0
DZA,IDN,11.0
DZA,IRN,11.0
DZA,IRQ,11.0
DZA,KEN,164.0
DZA,KOR,11.0
DZA,LBR,164.0
DZA,LBY,164.0
DZA,LSO,164.0
DZA,MAR,164.0
DZA,MDG,164.0
DZA,MEX,11.0
DZA,MLI,164.0
DZA,MMR,11.0
DZA,MOZ,164.0
DZA,MRT,164.0
DZA,MUS,164.0
DZA,MWI,164.0
DZA,MYS,11.0
DZA,NAM,164.0
DZA,NER,164.0
DZA,NGA,164.0
DZA,NIC,11.0
DZA,PER,11.0
DZA,PHL,11.0
DZA,PRK,11.0
DZA,RWA,164.0
DZA,SDN,164.0
DZA,SEN,164.0
DZA,SGP,11.0
DZA,SLE,164.0
DZA,SOM,164.0
DZA,SSD,164.0
DZA,STP,164.0
DZA,SWZ,164.0
DZA,SYC,164.0
DZA,TCD,164.0
DZA,TGO,164.0
DZA,THA,11.0
DZA,TTO,11.0
DZA,TUN,164.0
DZA,TZA,164.0
DZA,UGA,164.0
DZA,VEN,11.0
DZA,VNM,11.0
DZA,ZAF,164.0
DZA,ZMB,164.0
DZA,ZWE,164.0
EGY,ARE,10.0
EGY,ARG,13.0
EGY,BEN,11.0
EGY,BHR,10.0
EGY,BOL,11.0
EGY,BRA,13.0
EGY,CHE,166.0
EGY,CHL,11.0
EGY,COL,11.0
EGY,CUB,11.0
EGY,ECU,11.0
EGY,ERI,160.0
EGY,ETH,164.0
EGY,GAB,164.0
EGY,GBR,141.0
EGY,GHA,164.0
EGY,GIN,164.0
EGY,GNB,164.0
EGY,GNQ,164.0
EGY,GUY,11.0
EGY,IDN,11.0
EGY,IRN,11.0
EGY,IRQ,11.0
EGY,ISL,166.0
EGY,JOR,29.0
EGY,KEN,164.0
EGY,KOR,11.0
EGY,KWT,10.0
EGY,LBN,10.0
EGY,LBR,164.0
EGY,LBY,164.0
EGY,LIE,166.0
EGY,LSO,164.0
EGY,MAR,164.0
EGY,MDG,164.0
EGY,MEX,11.0
EGY,MLI,164.0
EGY,MMR,11.0
EGY,MOZ,164.0
EGY,MRT,164.0
EGY,MUS,164.0
EGY,MWI,164.0
EGY,MYS,11.0
EGY,NAM,164.0
EGY,NER,164.0
EGY,NGA,164.0
EGY,NIC,11.0
EGY,NOR,166.0
EGY,OMN,10.0
EGY,PER,11.0
EGY,PHL,11.0
EGY,PRK,11.0
EGY,PRY,13.0
EGY,QAT,10.0
EGY,RWA,164.0
EGY,SAU,10.0
EGY,SDN,164.0
EGY,SEN,164.0
EGY,SGP,11.0
EGY,SLE,164.0
EGY,SOM,164.0
EGY,SSD,164.0
EGY,STP,164.0
EGY,SWZ,164.0
EGY,SYC,164.0
EGY,SYR,10.0
EGY,TCD,164.0
EGY,TGO,164.0
EGY,THA,11.0
EGY,TTO,11.0
EGY,TUN,164.0
EGY,TUR,93.0
EGY,TZA,164.0
EGY,UGA,164.0
EGY,URY,13.0
EGY,VEN,11.0
EGY,VNM,11.0
EGY,YEM,10.0
EGY,ZAF,164.0
EGY,ZMB,164.0
EGY,ZWE,164.0
ERI,ETH,160.0
ERI,KEN,160.0
ERI,LSO,160.0
ERI,MUS,160.0
ERI,MWI,160.0
ERI,RWA,160.0
ERI,SDN,160.0
ERI,SWZ,160.0
ERI,SYC,160.0
ERI,TZA,160.0
ERI,UGA,160.0
ERI,ZMB,160.0
ERI,ZWE,160.0
ETH,GAB,164.0
ETH,GHA,164.0
ETH,GIN,164.0
ETH,GNB,164.0
ETH,GNQ,164.0
ETH,KEN,164.0
ETH,LBR,164.0
ETH,LBY,164.0
ETH,LSO,164.0
ETH,MAR,164.0
ETH,MDG,164.0
ETH,MLI,164.0
ETH,MOZ,164.0
ETH,MRT,164.0
ETH,MUS,164.0
ETH,MWI,164.0
ETH,NAM,164.0
ETH,NER,164.0
ETH,NGA,164.0
ETH,RWA,164.0
ETH,SDN,164.0
ETH,SEN,164.0
ETH,SLE,164.0
ETH,SOM,164.0
ETH,SSD,164.0
ETH,STP,164.0
ETH,SWZ,164.0
ETH,SYC,164.0
ETH,TCD,164.0
ETH,TGO,164.0
ETH,TUN,164.0
ETH,TZA,164.0
ETH,UGA,164.0
ETH,ZAF,164.0
ETH,ZMB,164.0
ETH,ZWE,164.0
GAB,GHA,164.0
GAB,GIN,164.0
GAB,GNB,164.0
GAB,GNQ,164.0
GAB,KEN,164.0
GAB,LBR,164.0
GAB,LBY,164.0
GAB,LSO,164.0
GAB,MAR,164.0
GAB,MDG,164.0
GAB,MLI,164.0
GAB,MOZ,164.0
GAB,MRT,164.0
GAB,MUS,164.0
GAB,MWI,164.0
GAB,NAM,164.0
GAB,NER,164.0
GAB,NGA,164.0
GAB,RWA,164.0
GAB,SDN,164.0
GAB,SEN,164.0
GAB,SLE,164.0
GAB,SOM,164.0
GAB,SSD,164.0
GAB,STP,164.0
GAB,SWZ,164.0
GAB,SYC,164.0
GAB,TCD,164.0
GAB,TGO,164.0
GAB,TUN,164.0
GAB,TZA,164.0
GAB,UGA,164.0
GAB,ZAF,164.0
GAB,ZMB,164.0
GAB,ZWE,164.0
GHA,ARG,11.0
GHA,BEN,103.0
GHA,BOL,11.0
GHA,BRA,11.0
GHA,CHL,11.0
GHA,COL,11.0
GHA,CUB,11.0
GHA,ECU,11.0
GHA,GBR,77.0
GHA,GIN,164.0
GHA,GMB,103.0
GHA,GNB,164.0
GHA,GNQ,164.0
GHA,GUY,11.0
GHA,IDN,11.0
GHA,IRN,11.0
GHA,IRQ,11.0
GHA,KEN,164.0
GHA,KOR,11.0
GHA,LBR,164.0
GHA,LBY,164.0
GHA,LSO,164.0
GHA,MAR,164.0
GHA,MDG,164.0
GHA,MEX,11.0
GHA,MLI,164.0
GHA,MMR,11.0
GHA,MOZ,164.0
GHA,MRT,164.0
GHA,MUS,164.0
GHA,MWI,164.0
GHA,MYS,11.0
GHA,NAM,164.0
GHA,NER,164.0
GHA,NGA,164.0
GHA,NIC,11.0
GHA,PER,11.0
GHA,PHL,11.0
GHA,PRK,11.0
GHA,RWA,164.0
GHA,SDN,164.0
GHA,SEN,164.0
GHA,SGP,11.0
GHA,SLE,164.0
GHA,SOM,164.0
GHA,SSD,164.0
GHA,STP,164.0
GHA,SWZ,164.0
GHA,SYC,164.0
GHA,TCD,164.0
GHA,TGO,164.0
GHA,THA,11.0
GHA,TTO,11.0
GHA,TUN,164.0
GHA,TZA,164.0
GHA,UGA,164.0
GHA,VEN,11.0
GHA,VNM,11.0
GHA,ZAF,164.0
GHA,ZMB,164.0
GHA,ZWE,164.0
GIN,ARG,11.0
GIN,BEN,103.0
GIN,BOL,11.0
GIN,BRA,11.0
GIN,CHL,11.0
GIN,COL,11.0
GIN,CUB,11.0
GIN,ECU,11.0
GIN,GMB,103.0
GIN,GNB,164.0
GIN,GNQ,164.0
GIN,GUY,11.0
GIN,IDN,11.0
GIN,IRN,11.0
GIN,IRQ,11.0
GIN,KEN,164.0
GIN,KOR,11.0
GIN,LBR,164.0
GIN,LBY,164.0
GIN,LSO,164.0
GIN,MAR,164.0
GIN,MDG,164.0
GIN,MEX,11.0
GIN,MLI,164.0
GIN,MMR,11.0
GIN,MOZ,164.0
GIN,MRT,164.0
GIN,MUS,164.0
GIN,MWI,164.0
GIN,MYS,11.0
GIN,NAM,164.0
GIN,NER,164.0
GIN,NGA,164.0
GIN,NIC,11.0
GIN,PER,11.0
GIN,PHL,11.0
GIN,PRK,11.0
GIN,RWA,164.0
GIN,SDN,164.0
GIN,SEN,164.0
GIN,SGP,11.0
GIN,SLE,164.0
GIN,SOM,164.0
GIN,SSD,164.0
GIN,STP,164.0
GIN,SWZ,164.0
GIN,SYC,164.0
GIN,TCD,164.0
GIN,TGO,164.0
GIN,THA,11.0
GIN,TTO,11.0
GIN,TUN,164.0
GIN,TZA,164.0
GIN,UGA,164.0
GIN,VEN,11.0
GIN,VNM,11.0
GIN,ZAF,164.0
GIN,ZMB,164.0
GIN,ZWE,164.0
GNB,BEN,103.0
GNB,GMB,103.0
GNB,GNQ,164.0
GNB,KEN,164.0
GNB,LBR,164.0
GNB,LBY,164.0
GNB,LSO,164.0
GNB,MAR,164.0
GNB,MDG,164.0
GNB,MLI,164.0
GNB,MOZ,164.0
GNB,MRT,164.0
GNB,MUS,164.0
GNB,MWI,164.0
GNB,NAM,164.0
GNB,NER,164.0
GNB,NGA,164.0
GNB,RWA,164.0
GNB,SDN,164.0
GNB,SEN,164.0
GNB,SLE,164.0
GNB,SOM,164.0
GNB,SSD,164.0
GNB,STP,164.0
GNB,SWZ,164.0
GNB,SYC,164.0
GNB,TCD,164.0
GNB,TGO,164.0
GNB,TUN,164.0
GNB,TZA,164.0
GNB,UGA,164.0
GNB,ZAF,164.0
GNB,ZMB,164.0
GNB,ZWE,164.0
GNQ,KEN,164.0
GNQ,LBR,164.0
GNQ,LBY,164.0
GNQ,LSO,164.0
GNQ,MAR,164.0
GNQ,MDG,164.0
GNQ,MLI,164.0
GNQ,MOZ,164.0
GNQ,MRT,164.0
GNQ,MUS,164.0
GNQ,MWI,164.0
GNQ,NAM,164.0
GNQ,NER,164.0
GNQ,NGA,164.0
GNQ,RWA,164.0
GNQ,SDN,164.0
GNQ,SEN,164.0
GNQ,SLE,164.0
GNQ,SOM,164.0
GNQ,SSD,164.0
GNQ,STP,164.0
GNQ,SWZ,164.0
GNQ,SYC,164.0
GNQ,TCD,164.0
GNQ,TGO,164.0
GNQ,TUN,164.0
GNQ,TZA,164.0
GNQ,UGA,164.0
GNQ,ZAF,164.0
GNQ,ZMB,164.0
GNQ,ZWE,164.0
KEN,LBR,164.0
KEN,LBY,164.0
KEN,LSO,164.0
KEN,MAR,164.0
KEN,MDG,164.0
KEN,MLI,164.0
KEN,MOZ,164.0
KEN,MRT,164.0
KEN,MUS,164.0
KEN,MWI,164.0
KEN,NAM,164.0
KEN,NER,164.0
KEN,NGA,164.0
KEN,RWA,164.0
KEN,SDN,164.0
KEN,SEN,164.0
KEN,SLE,164.0
KEN,SOM,164.0
KEN,SSD,164.0
KEN,STP,164.0
KEN,SWZ,164.0
KEN,SYC,164.0
KEN,TCD,164.0
KEN,TGO,164.0
KEN,TUN,164.0
KEN,TZA,164.0
KEN,UGA,164.0
KEN,ZAF,164.0
KEN,ZMB,164.0
KEN,ZWE,164.0
LBR,BEN,103.0
LBR,GMB,103.0
LBR,LBY,164.0
LBR,LSO,164.0
LBR,MAR,164.0
LBR,MDG,164.0
LBR,MLI,164.0
LBR,MOZ,164.0
LBR,MRT,164.0
LBR,MUS,164.0
LBR,MWI,164.0
LBR,NAM,164.0
LBR,NER,164.0
LBR,NGA,164.0
LBR,RWA,164.0
LBR,SDN,164.0
LBR,SEN,164.0
LBR,SLE,164.0
LBR,SOM,164.0
LBR,SSD,164.0
LBR,STP,164.0
LBR,SWZ,164.0
LBR,SYC,164.0
LBR,TCD,164.0
LBR,TGO,164.0
LBR,TUN,164.0
LBR,TZA,164.0
LBR,UGA,164.0
LBR,ZAF,164.0
LBR,ZMB,164.0
LBR,ZWE,164.0
LBY,ARE,10.0
LBY,ARG,11.0
LBY,BEN,11.0
LBY,BHR,10.0
LBY,BOL,11.0
LBY,BRA,11.0
LBY,CHL,11.0
LBY,COL,11.0
LBY,CUB,11.0
LBY,ECU,11.0
LBY,GUY,11.0
LBY,IDN,11.0
LBY,IRN,11.0
LBY,IRQ,11.0
LBY,JOR,10.0
LBY,KOR,11.0
LBY,KWT,10.0
LBY,LBN,10.0
LBY,LSO,164.0
LBY,MAR,164.0
LBY,MDG,164.0
LBY,MEX,11.0
LBY,MLI,164.0
LBY,MMR,11.0
LBY,MOZ,164.0
LBY,MRT,164.0
LBY,MUS,164.0
LBY,MWI,164.0
LBY,MYS,11.0
LBY,NAM,164.0
LBY,NER,164.0
LBY,NGA,164.0
LBY,NIC,11.0
LBY,OMN,10.0
LBY,PER,11.0
LBY,PHL,11.0
LBY,PRK,11.0
LBY,QAT,10.0
LBY,RWA,164.0
LBY,SAU,10.0
LBY,SDN,164.0
LBY,SEN,164.0
LBY,SGP,11.0
LBY,SLE,164.0
LBY,SOM,164.0
LBY,SSD,164.0
LBY,STP,164.0
LBY,SWZ,164.0
LBY,SYC,164.0
LBY,SYR,10.0
LBY,TCD,164.0
LBY,TGO,164.0
LBY,THA,11.0
LBY,TTO,11.0
LBY,TUN,164.0
LBY,TZA,164.0
LBY,UGA,164.0
LBY,VEN,11.0
LBY,VNM,11.0
LBY,YEM,10.0
LBY,ZAF,164.0
LBY,ZMB,164.0
LBY,ZWE,164.0
LSO,ARG,37.0
LSO,BRA,37.0
LSO,CHE,112.0
LSO,GBR,136.0
LSO,ISL,112.0
LSO,LIE,112.0
LSO,MAR,164.0
LSO,MDG,164.0
LSO,MLI,164.0
LSO,MOZ,164.0
LSO,MRT,164.0
LSO,MUS,164.0
LSO,MWI,164.0
LSO,NAM,164.0
LSO,NER,164.0
LSO,NGA,164.0
LSO,NOR,112.0
LSO,PRY,37.0
LSO,RWA,164.0
LSO,SDN,164.0
LSO,SEN,164.0
LSO,SLE,164.0
LSO,SOM,164.0
LSO,SSD,164.0
LSO,STP,164.0
LSO,SWZ,164.0
LSO,SYC,164.0
LSO,TCD,164.0
LSO,TGO,164.0
LSO,TUN,164.0
LSO,TZA,164.0
LSO,UGA,164.0
LSO,URY,37.0
LSO,ZAF,164.0
LSO,ZMB,164.0
LSO,ZWE,164.0
MAR,ARE,10.0
MAR,ARG,11.0
MAR,BEN,11.0
MAR,BHR,10.0
MAR,BOL,11.0
MAR,BRA,11.0
MAR,CHE,140.0
MAR,CHL,11.0
MAR,COL,11.0
MAR,CUB,11.0
MAR,ECU,11.0
MAR,GBR,131.0
MAR,GUY,11.0
MAR,IDN,11.0
MAR,IRN,11.0
MAR,IRQ,11.0
MAR,ISL,140.0
MAR,JOR,29.0
MAR,KOR,11.0
MAR,KWT,10.0
MAR,LBN,10.0
MAR,LIE,140.0
MAR,MDG,164.0
MAR,MEX,11.0
MAR,MLI,164.0
MAR,MMR,11.0
MAR,MOZ,164.0
MAR,MRT,164.0
MAR,MUS,164.0
MAR,MWI,164.0
MAR,MYS,11.0
MAR,NAM,164.0
MAR,NER,164.0
MAR,NGA,164.0
MAR,NIC,11.0
MAR,NOR,140.0
MAR,OMN,10.0
MAR,PER,11.0
MAR,PHL,11.0
MAR,PRK,11.0
MAR,QAT,10.0
MAR,RWA,164.0
MAR,SAU,10.0
MAR,SDN,164.0
MAR,SEN,164.0
MAR,SGP,11.0
MAR,SLE,164.0
MAR,SOM,164.0
MAR,SSD,164.0
MAR,STP,164.0
MAR,SWZ,164.0
MAR,SYC,164.0
MAR,SYR,10.0
MAR,TCD,164.0
MAR,TGO,164.0
MAR,THA,11.0
MAR,TTO,11.0
MAR,TUN,164.0
MAR,TUR,89.0
MAR,TZA,164.0
MAR,UGA,164.0
MAR,USA,283.0
MAR,VEN,11.0
MAR,VNM,11.0
MAR,YEM,10.0
MAR,ZAF,164.0
MAR,ZMB,164.0
MAR,ZWE,164.0
MDG,GBR,84.0
MDG,MLI,164.0
MDG,MOZ,164.0
MDG,MRT,164.0
MDG,MUS,164.0
MDG,MWI,164.0
MDG,NAM,164.0
MDG,NER,164.0
MDG,NGA,164.0
MDG,RWA,164.0
MDG,SDN,164.0
MDG,SEN,164.0
MDG,SLE,164.0
MDG,SOM,164.0
MDG,SSD,164.0
MDG,STP,164.0
MDG,SWZ,164.0
MDG,SYC,164.0
MDG,TCD,164.0
MDG,TGO,164.0
MDG,TUN,164.0
MDG,TZA,164.0
MDG,UGA,164.0
MDG,ZAF,164.0
MDG,ZMB,164.0
MDG,ZWE,164.0
MLI,BEN,103.0
MLI,GMB,103.0
MLI,MOZ,164.0
MLI,MRT,164.0
MLI,MUS,164.0
MLI,MWI,164.0
MLI,NAM,164.0
MLI,NER,164.0
MLI,NGA,164.0
MLI,RWA,164.0
MLI,SDN,164.0
MLI,SEN,164.0
MLI,SLE,164.0
MLI,SOM,164.0
MLI,SSD,164.0
MLI,STP,164.0
MLI,SWZ,164.0
MLI,SYC,164.0
MLI,TCD,164.0
MLI,TGO,164.0
MLI,TUN,164.0
MLI,TZA,164.0
MLI,UGA,164.0
MLI,ZAF,164.0
MLI,ZMB,164.0
MLI,ZWE,164.0
MOZ,ARG,11.0
MOZ,BEN,11.0
MOZ,BOL,11.0
MOZ,BRA,11.0
MOZ,CHL,11.0
MOZ,COL,11.0
MOZ,CUB,11.0
MOZ,ECU,11.0
MOZ,GBR,136.0
MOZ,GUY,11.0
MOZ,IDN,11.0
MOZ,IRN,11.0
MOZ,IRQ,11.0
MOZ,KOR,11.0
MOZ,MEX,11.0
MOZ,MMR,11.0
MOZ,MRT,164.0
MOZ,MUS,164.0
MOZ,MWI,164.0
MOZ,MYS,11.0
MOZ,NAM,164.0
MOZ,NER,164.0
MOZ,NGA,164.0
MOZ,NIC,11.0
MOZ,PER,11.0
MOZ,PHL,11.0
MOZ,PRK,11.0
MOZ,RWA,164.0
MOZ,SDN,164.0
MOZ,SEN,164.0
MOZ,SGP,11.0
MOZ,SLE,164.0
MOZ,SOM,164.0
MOZ,SSD,164.0
MOZ,STP,164.0
MOZ,SWZ,164.0
MOZ,SYC,164.0
MOZ,TCD,164.0
MOZ,TGO,164.0
MOZ,THA,11.0
MOZ,TTO,11.0
MOZ,TUN,164.0
MOZ,TZA,164.0
MOZ,UGA,164.0
MOZ,VEN,11.0
MOZ,VNM,11.0
MOZ,ZAF,164.0
MOZ,ZMB,164.0
MOZ,ZWE,164.0
MRT,MUS,164.0
MRT,MWI,164.0
MRT,NAM,164.0
MRT,NER,164.0
MRT,NGA,164.0
MRT,RWA,164.0
MRT,SDN,164.0
MRT,SEN,164.0
MRT,SLE,164.0
MRT,SOM,164.0
MRT,SSD,164.0
MRT,STP,164.0
MRT,SWZ,164.0
MRT,SYC,164.0
MRT,TCD,164.0
MRT,TGO,164.0
MRT,TUN,164.0
MRT,TZA,164.0
MRT,UGA,164.0
MRT,ZAF,164.0
MRT,ZMB,164.0
MRT,ZWE,164.0
MUS,CHN,221.0
MUS,GBR,84.0
MUS,MWI,164.0
MUS,NAM,164.0
MUS,NER,164.0
MUS,NGA,164.0
MUS,RWA,164.0
MUS,SDN,164.0
MUS,SEN,164.0
MUS,SLE,164.0
MUS,SOM,164.0
MUS,SSD,164.0
MUS,STP,164.0
MUS,SWZ,164.0
MUS,SYC,164.0
MUS,TCD,164.0
MUS,TGO,164.0
MUS,TUN,164.0
MUS,TUR,64.0
MUS,TZA,164.0
MUS,UGA,164.0
MUS,ZAF,164.0
MUS,ZMB,164.0
MUS,ZWE,164.0
MWI,NAM,164.0
MWI,NER,164.0
MWI,NGA,164.0
MWI,RWA,164.0
MWI,SDN,164.0
MWI,SEN,164.0
MWI,SLE,164.0
MWI,SOM,164.0
MWI,SSD,164.0
MWI,STP,164.0
MWI,SWZ,164.0
MWI,SYC,164.0
MWI,TCD,164.0
MWI,TGO,164.0
MWI,TUN,164.0
MWI,TZA,164.0
MWI,UGA,164.0
MWI,ZAF,164.0
MWI,ZMB,164.0
MWI,ZWE,164.0
NAM,ARG,37.0
NAM,BRA,37.0
NAM,CHE,112.0
NAM,GBR,136.0
NAM,ISL,112.0
NAM,LIE,112.0
NAM,NER,164.0
NAM,NGA,164.0
NAM,NOR,112.0
NAM,PRY,37.0
NAM,RWA,164.0
NAM,SDN,164.0
NAM,SEN,164.0
NAM,SLE,164.0
NAM,SOM,164.0
NAM,SSD,164.0
NAM,STP,164.0
NAM,SWZ,164.0
NAM,SYC,164.0
NAM,TCD,164.0
NAM,TGO,164.0
NAM,TUN,164.0
NAM,TZA,164.0
NAM,UGA,164.0
NAM,URY,37.0
NAM,ZAF,164.0
NAM,ZMB,164.0
NAM,ZWE,164.0
NER,BEN,103.0
NER,GMB,103.0
NER,NGA,164.0
NER,RWA,164.0
NER,SDN,164.0
NER,SEN,164.0
NER,SLE,164.0
NER,SOM,164.0
NER,SSD,164.0
NER,STP,164.0
NER,SWZ,164.0
NER,SYC,164.0
NER,TCD,164.0
NER,TGO,164.0
NER,TUN,164.0
NER,TZA,164.0
NER,UGA,164.0
NER,ZAF,164.0
NER,ZMB,164.0
NER,ZWE,164.0
NGA,ARG,11.0
NGA,BEN,103.0
NGA,BOL,11.0
NGA,BRA,11.0
NGA,CHL,11.0
NGA,COL,11.0
NGA,CUB,11.0
NGA,ECU,11.0
NGA,GMB,103.0
NGA,GUY,11.0
NGA,IDN,11.0
NGA,IRN,11.0
NGA,IRQ,11.0
NGA,KOR,11.0
NGA,MEX,11.0
NGA,MMR,11.0
NGA,MYS,11.0
NGA,NIC,11.0
NGA,PER,11.0
NGA,PHL,11.0
NGA,PRK,11.0
NGA,RWA,164.0
NGA,SDN,164.0
NGA,SEN,164.0
NGA,SGP,11.0
NGA,SLE,164.0
NGA,SOM,164.0
NGA,SSD,164.0
NGA,STP,164.0
NGA,SWZ,164.0
NGA,SYC,164.0
NGA,TCD,164.0
NGA,TGO,164.0
NGA,THA,11.0
NGA,TTO,11.0
NGA,TUN,164.0
NGA,TZA,164.0
NGA,UGA,164.0
NGA,VEN,11.0
NGA,VNM,11.0
NGA,ZAF,164.0
NGA,ZMB,164.0
NGA,ZWE,164.0
RWA,SDN,164.0
RWA,SEN,164.0
RWA,SLE,164.0
RWA,SOM,164.0
RWA,SSD,164.0
RWA,STP,164.0
RWA,SWZ,164.0
RWA,SYC,164.0
RWA,TCD,164.0
RWA,TGO,164.0
RWA,TUN,164.0
RWA,TZA,164.0
RWA,UGA,164.0
RWA,ZAF,164.0
RWA,ZMB,164.0
RWA,ZWE,164.0
SDN,ARE,10.0
SDN,ARG,11.0
SDN,BEN,11.0
SDN,BHR,10.0
SDN,BOL,11.0
SDN,BRA,11.0
SDN,CHL,11.0
SDN,COL,11.0
SDN,CUB,11.0
SDN,ECU,11.0
SDN,GUY,11.0
SDN,IDN,11.0
SDN,IRN,11.0
SDN,IRQ,11.0
SDN,JOR,10.0
SDN,KOR,11.0
SDN,KWT,10.0
SDN,LBN,10.0
SDN,MEX,11.0
SDN,MMR,11.0
SDN,MYS,11.0
SDN,NIC,11.0
SDN,OMN,10.0
SDN,PER,11.0
SDN,PHL,11.0
SDN,PRK,11.0
SDN,QAT,10.0
SDN,SAU,10.0
SDN,SEN,164.0
SDN,SGP,11.0
SDN,SLE,164.0
SDN,SOM,164.0
SDN,SSD,164.0
SDN,STP,164.0
SDN,SWZ,164.0
SDN,SYC,164.0
SDN,SYR,10.0
SDN,TCD,164.0
SDN,TGO,164.0
SDN,THA,11.0
SDN,TTO,11.0
SDN,TUN,164.0
SDN,TZA,164.0
SDN,UGA,164.0
SDN,VEN,11.0
SDN,VNM,11.0
SDN,YEM,10.0
SDN,ZAF,164.0
SDN,ZMB,164.0
SDN,ZWE,164.0
SEN,BEN,103.0
SEN,GMB,103.0
SEN,SLE,164.0
SEN,SOM,164.0
SEN,SSD,164.0
SEN,STP,164.0
SEN,SWZ,164.0
SEN,SYC,164.0
SEN,TCD,164.0
SEN,TGO,164.0
SEN,TUN,164.0
SEN,TZA,164.0
SEN,UGA,164.0
SEN,ZAF,164.0
SEN,ZMB,164.0
SEN,ZWE,164.0
SLE,BEN,103.0
SLE,GMB,103.0
SLE,SOM,164.0
SLE,SSD,164.0
SLE,STP,164.0
SLE,SWZ,164.0
SLE,SYC,164.0
SLE,TCD,164.0
SLE,TGO,164.0
SLE,TUN,164.0
SLE,TZA,164.0
SLE,UGA,164.0
SLE,ZAF,164.0
SLE,ZMB,164.0
SLE,ZWE,164.0
SOM,SSD,164.0
SOM,STP,164.0
SOM,SWZ,164.0
SOM,SYC,164.0
SOM,TCD,164.0
SOM,TGO,164.0
SOM,TUN,164.0
SOM,TZA,164.0
SOM,UGA,164.0
SOM,ZAF,164.0
SOM,ZMB,164.0
SOM,ZWE,164.0
SSD,STP,164.0
SSD,SWZ,164.0
SSD,SYC,164.0
SSD,TCD,164.0
SSD,TGO,164.0
SSD,TUN,164.0
SSD,TZA,164.0
SSD,UGA,164.0
SSD,ZAF,164.0
SSD,ZMB,164.0
SSD,ZWE,164.0
STP,SWZ,164.0
STP,SYC,164.0
STP,TCD,164.0
STP,TGO,164.0
STP,TUN,164.0
STP,TZA,164.0
STP,UGA,164.0
STP,ZAF,164.0
STP,ZMB,164.0
STP,ZWE,164.0
SWZ,ARG,37.0
SWZ,BRA,37.0
SWZ,CHE,112.0
SWZ,GBR,136.0
SWZ,ISL,112.0
SWZ,LIE,112.0
SWZ,NOR,112.0
SWZ,PRY,37.0
SWZ,SYC,164.0
SWZ,TCD,164.0
SWZ,TGO,164.0
SWZ,TUN,164.0
SWZ,TZA,164.0
SWZ,UGA,164.0
SWZ,URY,37.0
SWZ,ZAF,164.0
SWZ,ZMB,164.0
SWZ,ZWE,164.0
SYC,GBR,84.0
SYC,TCD,164.0
SYC,TGO,164.0
SYC,TUN,164.0
SYC,TZA,164.0
SYC,UGA,164.0
SYC,ZAF,164.0
SYC,ZMB,164.0
SYC,ZWE,164.0
TCD,TGO,164.0
TCD,TUN,164.0
TCD,TZA,164.0
TCD,UGA,164.0
TCD,ZAF,164.0
TCD,ZMB,164.0
TCD,ZWE,164.0
TGO,BEN,103.0
TGO,GMB,103.0
TGO,TUN,164.0
TGO,TZA,164.0
TGO,UGA,164.0
TGO,ZAF,164.0
TGO,ZMB,164.0
TGO,ZWE,164.0
TUN,ARE,10.0
TUN,ARG,11.0
TUN,BEN,11.0
TUN,BHR,10.0
TUN,BOL,11.0
TUN,BRA,11.0
TUN,CHE,154.0
TUN,CHL,11.0
TUN,COL,11.0
TUN,CUB,11.0
TUN,ECU,11.0
TUN,GBR,136.0
TUN,GUY,11.0
TUN,IDN,11.0
TUN,IRN,11.0
TUN,IRQ,11.0
TUN,ISL,154.0
TUN,JOR,29.0
TUN,KOR,11.0
TUN,KWT,10.0
TUN,LBN,10.0
TUN,LIE,154.0
TUN,MEX,11.0
TUN,MMR,11.0
TUN,MYS,11.0
TUN,NIC,11.0
TUN,NOR,154.0
TUN,OMN,10.0
TUN,PER,11.0
TUN,PHL,11.0
TUN,PRK,11.0
TUN,QAT,10.0
TUN,SAU,10.0
TUN,SGP,11.0
TUN,SYR,10.0
TUN,THA,11.0
TUN,TTO,11.0
TUN,TUR,95.0
TUN,TZA,164.0
TUN,UGA,164.0
TUN,VEN,11.0
TUN,VNM,11.0
TUN,YEM,10.0
TUN,ZAF,164.0
TUN,ZMB,164.0
TUN,ZWE,164.0
TZA,ARG,11.0
TZA,BEN,11.0
TZA,BOL,11.0
TZA,BRA,11.0
TZA,CHL,11.0
TZA,COL,11.0
TZA,CUB,11.0
TZA,ECU,11.0
TZA,GUY,11.0
TZA,IDN,11.0
TZA,IRN,11.0
TZA,IRQ,11.0
TZA,KOR,11.0
TZA,MEX,11.0
TZA,MMR,11.0
TZA,MYS,11.0
TZA,NIC,11.0
TZA,PER,11.0
TZA,PHL,11.0
TZA,PRK,11.0
TZA,SGP,11.0
TZA,THA,11.0
TZA,TTO,11.0
TZA,UGA,164.0
TZA,VEN,11.0
TZA,VNM,11.0
TZA,ZAF,164.0
TZA,ZMB,164.0
TZA,ZWE,164.0
UGA,ZAF,164.0
UGA,ZMB,164.0
UGA,ZWE,164.0
ZAF,ARG,37.0
ZAF,BRA,37.0
ZAF,CHE,112.0
ZAF,GBR,136.0
ZAF,ISL,112.0
ZAF,LIE,112.0
ZAF,NOR,112.0
ZAF,PRY,37.0
ZAF,URY,37.0
ZAF,ZMB,164.0
ZAF,ZWE,164.0
ZMB,ZWE,164.0
ZWE,ARG,11.0
ZWE,BEN,11.0
ZWE,BOL,11.0
ZWE,BRA,11.0
ZWE,CHL,11.0
ZWE,COL,11.0
ZWE,CUB,11.0
ZWE,ECU,11.0
ZWE,GBR,84.0
ZWE,GUY,11.0
ZWE,IDN,11.0
ZWE,IRN,11.0
ZWE,IRQ,11.0
ZWE,KOR,11.0
ZWE,MEX,11.0
ZWE,MMR,11.0
ZWE,MYS,11.0
ZWE,NIC,11.0
ZWE,PER,11.0
ZWE,PHL,11.0
ZWE,PRK,11.0
ZWE,SGP,11.0
ZWE,THA,11.0
ZWE,TTO,11.0
ZWE,VEN,11.0
ZWE,VNM,11.0
ALB,BIH,163.0
ALB,CHE,180.0
ALB,GBR,170.0
ALB,ISL,180.0
ALB,LIE,180.0
ALB,MDA,163.0
ALB,MKD,163.0
ALB,MNE,163.0
ALB,NOR,180.0
ALB,SRB,163.0
ALB,TUR,84.0
ALB,XKX,163.0
BIH,CHE,214.0
BIH,GBR,196.0
BIH,ISL,214.0
BIH,LIE,214.0
BIH,MDA,163.0
BIH,MKD,163.0
BIH,MNE,163.0
BIH,NOR,214.0
BIH,SRB,163.0
BIH,TUR,107.0
BIH,XKX,163.0
CHE,ARE,148.0
CHE,BHR,148.0
CHE,CAN,152.0
CHE,CHL,228.0
CHE,CHN,191.0
CHE,COL,281.0
CHE,CRI,310.0
CHE,ECU,298.0
CHE,FRO,18.0
CHE,GBR,201.0
CHE,GEO,234.0
CHE,HKG,255.0
CHE,IDN,220.0
CHE,ISL,201.0
CHE,ISR,108.0
CHE,JOR,131.0
CHE,JPN,288.0
CHE,KOR,248.0
CHE,KWT,148.0
CHE,LBN,150.0
CHE,LIE,201.0
CHE,MEX,205.0
CHE,MKD,131.0
CHE,MNE,214.0
CHE,NOR,201.0
CHE,OMN,148.0
CHE,PAN,310.0
CHE,PER,242.0
CHE,PHL,227.0
CHE,PSE,109.0
CHE,QAT,148.0
CHE,SAU,148.0
CHE,SGP,227.0
CHE,SRB,170.0
CHE,TUR,181.0
CHE,UKR,260.0
GBR,AND,39.0
GBR,ARM,299.0
GBR,ATG,283.0
GBR,AUS,489.0
GBR,BHS,283.0
GBR,BLZ,283.0
GBR,BRB,283.0
GBR,CAN,433.0
GBR,CHL,262.0
GBR,COL,355.0
GBR,DMA,283.0
GBR,DOM,283.0
GBR,ECU,355.0
GBR,FJI,101.0
GBR,FRO,69.0
GBR,GEO,332.0
GBR,GRD,283.0
GBR,GUY,283.0
GBR,HTI,283.0
GBR,ISL,201.0
GBR,ISR,145.0
GBR,JAM,283.0
GBR,JOR,169.0
GBR,JPN,425.0
GBR,KNA,283.0
GBR,KOR,344.0
GBR,LBN,106.0
GBR,LCA,283.0
GBR,LIE,182.0
GBR,MDA,358.0
GBR,MEX,114.0
GBR,MKD,157.0
GBR,MNE,182.0
GBR,NOR,201.0
GBR,NZL,480.0
GBR,PER,355.0
GBR,PNG,101.0
GBR,PSE,117.0
GBR,SGP,354.0
GBR,SLB,101.0
GBR,SMR,30.0
GBR,SRB,197.0
GBR,SUR,283.0
GBR,SYR,32.0
GBR,TTO,283.0
GBR,TUR,130.0
GBR,UKR,397.0
GBR,VCT,283.0
GBR,VNM,438.0
GBR,WSM,101.0
ISL,ARE,148.0
ISL,BHR,148.0
ISL,CAN,152.0
ISL,CHL,228.0
ISL,CHN,149.0
ISL,COL,281.0
ISL,CRI,310.0
ISL,ECU,298.0
ISL,FRO,66.0
ISL,GEO,234.0
ISL,HKG,255.0
ISL,IDN,220.0
ISL,ISR,108.0
ISL,JOR,131.0
ISL,KOR,248.0
ISL,KWT,148.0
ISL,LBN,150.0
ISL,LIE,201.0
ISL,MEX,205.0
ISL,MKD,131.0
ISL,MNE,214.0
ISL,NOR,201.0
ISL,OMN,148.0
ISL,PAN,310.0
ISL,PER,242.0
ISL,PHL,227.0
ISL,PSE,109.0
ISL,QAT,148.0
ISL,SAU,148.0
ISL,SGP,227.0
ISL,SRB,170.0
ISL,TUR,181.0
ISL,UKR,260.0
LIE,ARE,148.0
LIE,BHR,148.0
LIE,CAN,152.0
LIE,CHL,228.0
LIE,COL,281.0
LIE,CRI,310.0
LIE,ECU,298.0
LIE,GEO,234.0
LIE,HKG,255.0
LIE,IDN,220.0
LIE,ISR,108.0
LIE,JOR,131.0
LIE,KOR,248.0
LIE,KWT,148.0
LIE,LBN,150.0
LIE,MEX,205.0
LIE,MKD,131.0
LIE,MNE,214.0
LIE,NOR,201.0
LIE,OMN,148.0
LIE,PAN,310.0
LIE,PER,242.0
LIE,PHL,227.0
LIE,PSE,109.0
LIE,QAT,148.0
LIE,SAU,148.0
LIE,SGP,227.0
LIE,SRB,170.0
LIE,TUR,181.0
LIE,UKR,260.0
MDA,ARM,108.0
MDA,AZE,108.0
MDA,BLR,108.0
MDA,GEO,108.0
MDA,KAZ,108.0
MDA,KGZ,108.0
MDA,MKD,163.0
MDA,MNE,163.0
MDA,RUS,48.0
MDA,SRB,163.0
MDA,TJK,108.0
MDA,TKM,108.0
MDA,TUR,27.0
MDA,UKR,108.0
MDA,UZB,108.0
MDA,XKX,163.0
MKD,MNE,163.0
MKD,NOR,131.0
MKD,SRB,163.0
MKD,TUR,81.0
MKD,UKR,77.0
MKD,XKX,163.0
MNE,NOR,214.0
MNE,SRB,163.0
MNE,TUR,80.0
MNE,UKR,106.0
MNE,XKX,163.0
NOR,ARE,148.0
NOR,BHR,148.0
NOR,CAN,152.0
NOR,CHL,228.0
NOR,COL,281.0
NOR,CRI,310.0
NOR,ECU,298.0
NOR,FRO,74.0
NOR,GEO,234.0
NOR,HKG,255.0
NOR,IDN,220.0
NOR,ISR,108.0
NOR,JOR,131.0
NOR,KOR,248.0
NOR,KWT,148.0
NOR,LBN,150.0
NOR,MEX,205.0
NOR,OMN,148.0
NOR,PAN,310.0
NOR,PER,242.0
NOR,PHL,227.0
NOR,PSE,109.0
NOR,QAT,148.0
NOR,SAU,148.0
NOR,SGP,227.0
NOR,SRB,170.0
NOR,TUR,181.0
NOR,UKR,260.0
SRB,ARM,45.0
SRB,BLR,45.0
SRB,KAZ,45.0
SRB,KGZ,45.0
SRB,RUS,45.0
SRB,TUR,86.0
SRB,XKX,163.0
TUR,CHL,102.0
TUR,FRO,19.0
TUR,GEO,89.0
TUR,IRN,52.0
TUR,ISR,82.0
TUR,KOR,150.0
TUR,MYS,109.0
TUR,PSE,112.0
TUR,SGP,345.0
TUR,SYR,117.0
TUR,XKX,40.0
ARE,BHR,32.0
ARE,IRQ,10.0
ARE,JOR,10.0
ARE,KWT,32.0
ARE,LBN,10.0
ARE,OMN,32.0
ARE,QAT,32.0
ARE,SAU,32.0
ARE,SGP,140.0
ARE,SYR,10.0
ARE,YEM,10.0
BHR,IRQ,10.0
BHR,JOR,10.0
BHR,KWT,32.0
BHR,LBN,10.0
BHR,OMN,32.0
BHR,QAT,32.0
BHR,SAU,32.0
BHR,SGP,140.0
BHR,SYR,10.0
BHR,USA,262.0
BHR,YEM,10.0
IRQ,ARG,11.0
IRQ,BEN,11.0
IRQ,BOL,11.0
IRQ,BRA,11.0
IRQ,CHL,11.0
IRQ,COL,11.0
IRQ,CUB,11.0
IRQ,ECU,11.0
IRQ,GUY,11.0
IRQ,IDN,11.0
IRQ,IRN,11.0
IRQ,JOR,10.0
IRQ,KOR,11.0
IRQ,KWT,10.0
IRQ,LBN,10.0
IRQ,MEX,11.0
IRQ,MMR,11.0
IRQ,MYS,11.0
IRQ,NIC,11.0
IRQ,OMN,10.0
IRQ,PER,11.0
IRQ,PHL,11.0
IRQ,PRK,11.0
IRQ,QAT,10.0
IRQ,SAU,10.0
IRQ,SGP,11.0
IRQ,SYR,10.0
IRQ,THA,11.0
IRQ,TTO,11.0
IRQ,VEN,11.0
IRQ,VNM,11.0
IRQ,YEM,10.0
JOR,CAN,133.0
JOR,KWT,10.0
JOR,LBN,10.0
JOR,OMN,10.0
JOR,QAT,10.0
JOR,SAU,10.0
JOR,SGP,85.0
JOR,SYR,10.0
JOR,USA,76.0
JOR,YEM,10.0
KWT,LBN,10.0
KWT,OMN,32.0
KWT,QAT,32.0
KWT,SAU,32.0
KWT,SGP,140.0
KWT,SYR,10.0
KWT,YEM,10.0
LBN,OMN,10.0
LBN,QAT,10.0
LBN,SAU,10.0
LBN,SYR,10.0
LBN,YEM,10.0
OMN,QAT,32.0
OMN,SAU,32.0
OMN,SGP,140.0
OMN,SYR,10.0
OMN,USA,298.0
OMN,YEM,10.0
QAT,SAU,32.0
QAT,SGP,140.0
QAT,SYR,10.0
QAT,YEM,10.0
SAU,SGP,140.0
SAU,SYR,10.0
SAU,YEM,10.0
SGP,ARG,11.0
SGP,AUS,545.0
SGP,BEN,11.0
SGP,BOL,11.0
SGP,BRA,11.0
SGP,BRN,545.0
SGP,CAN,545.0
SGP,CHL,545.0
SGP,CHN,327.0
SGP,COL,11.0
SGP,CRI,246.0
SGP,CUB,11.0
SGP,ECU,11.0
SGP,GUY,11.0
SGP,HKG,128.0
SGP,IDN,327.0
SGP,IRN,11.0
SGP,JPN,545.0
SGP,KHM,327.0
SGP,KOR,327.0
SGP,LAO,327.0
SGP,MEX,545.0
SGP,MMR,327.0
SGP,MYS,545.0
SGP,NIC,11.0
SGP,NZL,545.0
SGP,PAN,230.0
SGP,PER,545.0
SGP,PHL,327.0
SGP,PRK,11.0
SGP,THA,327.0
SGP,TTO,11.0
SGP,TWN,221.0
SGP,USA,308.0
SGP,VEN,11.0
SGP,VNM,545.0
SYR,YEM,10.0
ARG,BEN,11.0
ARG,BOL,37.0
ARG,BRA,150.0
ARG,CHL,37.0
ARG,COL,37.0
ARG,CUB,37.0
ARG,ECU,37.0
ARG,GUY,11.0
ARG,IDN,11.0
ARG,IRN,11.0
ARG,ISR,66.0
ARG,KOR,11.0
ARG,MEX,37.0
ARG,MMR,11.0
ARG,MYS,11.0
ARG,NIC,11.0
ARG,PER,37.0
ARG,PHL,11.0
ARG,PRK,11.0
ARG,PRY,150.0
ARG,THA,11.0
ARG,TTO,11.0
ARG,URY,150.0
ARG,VEN,37.0
ARG,VNM,11.0
BEN,BOL,11.0
BEN,BRA,11.0
BEN,CHL,11.0
BEN,COL,11.0
BEN,CUB,11.0
BEN,ECU,11.0
BEN,GMB,103.0
BEN,GUY,11.0
BEN,IDN,11.0
BEN,IRN,11.0
BEN,KOR,11.0
BEN,MEX,11.0
BEN,MMR,11.0
BEN,MYS,11.0
BEN,NIC,11.0
BEN,PER,11.0
BEN,PHL,11.0
BEN,PRK,11.0
BEN,THA,11.0
BEN,TTO,11.0
BEN,VEN,11.0
BEN,VNM,11.0
BOL,BRA,37.0
BOL,CHL,37.0
BOL,COL,104.0
BOL,CUB,37.0
BOL,ECU,104.0
BOL,GUY,11.0
BOL,IDN,11.0
BOL,IRN,11.0
BOL,KOR,11.0
BOL,MEX,93.0
BOL,MMR,11.0
BOL,MYS,11.0
BOL,NIC,11.0
BOL,PER,104.0
BOL,PHL,11.0
BOL,PRK,11.0
BOL,PRY,37.0
BOL,THA,11.0
BOL,TTO,11.0
BOL,URY,37.0
BOL,VEN,104.0
BOL,VNM,11.0
BRA,CHL,37.0
BRA,COL,37.0
BRA,CUB,37.0
BRA,ECU,37.0
BRA,GUY,11.0
BRA,IDN,11.0
BRA,IRN,11.0
BRA,ISR,66.0
BRA,KOR,11.0
BRA,MEX,47.0
BRA,MMR,11.0
BRA,MYS,11.0
BRA,NIC,11.0
BRA,PER,37.0
BRA,PHL,11.0
BRA,PRK,11.0
BRA,PRY,150.0
BRA,THA,11.0
BRA,TTO,11.0
BRA,URY,150.0
BRA,VEN,37.0
BRA,VNM,11.0
CHL,AUS,545.0
CHL,BRN,545.0
CHL,CAN,545.0
CHL,CHN,105.0
CHL,COL,247.0
CHL,CRI,172.0
CHL,CUB,37.0
CHL,ECU,37.0
CHL,GTM,168.0
CHL,GUY,11.0
CHL,HKG,169.0
CHL,HND,166.0
CHL,IDN,94.0
CHL,IRN,11.0
CHL,JPN,545.0
CHL,KOR,279.0
CHL,MEX,545.0
CHL,MMR,11.0
CHL,MYS,545.0
CHL,NIC,167.0
CHL,NZL,545.0
CHL,PAN,120.0
CHL,PER,545.0
CHL,PHL,11.0
CHL,PRK,11.0
CHL,PRY,37.0
CHL,SLV,172.0
CHL,THA,108.0
CHL,TTO,11.0
CHL,URY,37.0
CHL,USA,347.0
CHL,VEN,37.0
CHL,VNM,545.0
COL,CAN,354.0
COL,CRI,296.0
COL,CUB,37.0
COL,ECU,104.0
COL,GTM,214.0
COL,GUY,11.0
COL,HND,214.0
COL,IDN,11.0
COL,IRN,11.0
COL,KOR,334.0
COL,MEX,247.0
COL,MMR,11.0
COL,MYS,11.0
COL,NIC,11.0
COL,PER,247.0
COL,PHL,11.0
COL,PRK,11.0
COL,PRY,37.0
COL,SLV,214.0
COL,THA,11.0
COL,TTO,11.0
COL,URY,37.0
COL,USA,369.0
COL,VEN,104.0
COL,VNM,11.0
CUB,ECU,37.0
CUB,GUY,11.0
CUB,IDN,11.0
CUB,IRN,11.0
CUB,KOR,11.0
CUB,MEX,37.0
CUB,MMR,11.0
CUB,MYS,11.0
CUB,NIC,11.0
CUB,PER,37.0
CUB,PHL,11.0
CUB,PRK,11.0
CUB,PRY,37.0
CUB,SLV,59.0
CUB,THA,11.0
CUB,TTO,11.0
CUB,URY,37.0
CUB,VEN,37.0
CUB,VNM,11.0
ECU,GUY,11.0
ECU,IDN,11.0
ECU,IRN,11.0
ECU,KOR,11.0
ECU,MEX,37.0
ECU,MMR,11.0
ECU,MYS,11.0
ECU,NIC,11.0
ECU,PER,104.0
ECU,PHL,11.0
ECU,PRK,11.0
ECU,PRY,37.0
ECU,SLV,86.0
ECU,THA,11.0
ECU,TTO,11.0
ECU,URY,37.0
ECU,VEN,104.0
ECU,VNM,11.0
GUY,ATG,132.0
GUY,BHS,132.0
GUY,BLZ,132.0
GUY,BRB,132.0
GUY,DMA,132.0
GUY,GRD,132.0
GUY,HTI,132.0
GUY,IDN,11.0
GUY,IRN,11.0
GUY,JAM,132.0
GUY,KNA,132.0
GUY,KOR,11.0
GUY,LCA,132.0
GUY,MEX,11.0
GUY,MMR,11.0
GUY,MSR,132.0
GUY,MYS,11.0
GUY,NIC,11.0
GUY,PER,11.0
GUY,PHL,11.0
GUY,PRK,11.0
GUY,SUR,132.0
GUY,THA,11.0
GUY,TTO,132.0
GUY,VCT,132.0
GUY,VEN,11.0
GUY,VNM,11.0
IDN,AUS,327.0
IDN,BRN,327.0
IDN,CHN,327.0
IDN,HKG,128.0
IDN,IRN,11.0
IDN,JPN,327.0
IDN,KHM,327.0
IDN,KOR,327.0
IDN,LAO,327.0
IDN,MEX,11.0
IDN,MMR,327.0
IDN,MYS,327.0
IDN,NIC,11.0
IDN,NZL,327.0
IDN,PER,11.0
IDN,PHL,327.0
IDN,PRK,11.0
IDN,THA,327.0
IDN,TTO,11.0
IDN,VEN,11.0
IDN,VNM,327.0
IRN,ARM,130.0
IRN,BLR,130.0
IRN,KAZ,130.0
IRN,KGZ,130.0
IRN,KOR,11.0
IRN,MEX,11.0
IRN,MMR,11.0
IRN,MYS,11.0
IRN,NIC,11.0
IRN,PER,11.0
IRN,PHL,11.0
IRN,PRK,11.0
IRN,RUS,130.0
IRN,THA,11.0
IRN,TTO,11.0
IRN,VEN,11.0
IRN,VNM,11.0
ISR,CAN,139.0
ISR,MEX,140.0
ISR,PRY,66.0
ISR,UKR,93.0
ISR,URY,66.0
ISR,USA,86.0
KOR,AUS,360.0
KOR,BRN,327.0
KOR,CAN,364.0
KOR,CHN,327.0
KOR,CRI,400.0
KOR,HND,400.0
KOR,JPN,327.0
KOR,KHM,327.0
KOR,LAO,327.0
KOR,MEX,11.0
KOR,MMR,327.0
KOR,MYS,327.0
KOR,NIC,400.0
KOR,NZL,327.0
KOR,PAN,400.0
KOR,PER,352.0
KOR,PHL,327.0
KOR,PRK,11.0
KOR,SLV,400.0
KOR,THA,327.0
KOR,TTO,11.0
KOR,USA,377.0
KOR,VEN,11.0
KOR,VNM,327.0
MEX,AUS,545.0
MEX,BRN,545.0
MEX,CAN,548.0
MEX,CRI,240.0
MEX,GTM,240.0
MEX,HND,240.0
MEX,JPN,545.0
MEX,MMR,11.0
MEX,MYS,545.0
MEX,NIC,240.0
MEX,NZL,545.0
MEX,PAN,212.0
MEX,PER,545.0
MEX,PHL,11.0
MEX,PRK,11.0
MEX,PRY,37.0
MEX,SLV,240.0
MEX,THA,11.0
MEX,TTO,11.0
MEX,URY,195.0
MEX,USA,548.0
MEX,VEN,37.0
MEX,VNM,545.0
MMR,AUS,327.0
MMR,BRN,327.0
MMR,CHN,327.0
MMR,HKG,128.0
MMR,JPN,327.0
MMR,KHM,327.0
MMR,LAO,327.0
MMR,MYS,327.0
MMR,NIC,11.0
MMR,NZL,327.0
MMR,PER,11.0
MMR,PHL,327.0
MMR,PRK,11.0
MMR,THA,327.0
MMR,TTO,11.0
MMR,VEN,11.0
MMR,VNM,327.0
MYS,AUS,545.0
MYS,BRN,545.0
MYS,CAN,545.0
MYS,CHN,327.0
MYS,HKG,128.0
MYS,JPN,545.0
MYS,KHM,327.0
MYS,LAO,327.0
MYS,NIC,11.0
MYS,NZL,545.0
MYS,PER,545.0
MYS,PHL,327.0
MYS,PRK,11.0
MYS,THA,327.0
MYS,TTO,11.0
MYS,VEN,11.0
MYS,VNM,545.0
NIC,CRI,400.0
NIC,DOM,318.0
NIC,GTM,318.0
NIC,HND,400.0
NIC,PAN,400.0
NIC,PER,11.0
NIC,PHL,11.0
NIC,PRK,11.0
NIC,SLV,400.0
NIC,THA,11.0
NIC,TTO,11.0
NIC,USA,318.0
NIC,VEN,11.0
NIC,VNM,11.0
PER,AUS,545.0
PER,BRN,545.0
PER,CAN,545.0
PER,CHN,234.0
PER,CRI,258.0
PER,HND,235.0
PER,JPN,545.0
PER,NZL,545.0
PER,PAN,265.0
PER,PHL,11.0
PER,PRK,11.0
PER,PRY,37.0
PER,THA,11.0
PER,TTO,11.0
PER,URY,37.0
PER,USA,366.0
PER,VEN,104.0
PER,VNM,545.0
PHL,AUS,327.0
PHL,BRN,327.0
PHL,CHN,327.0
PHL,HKG,128.0
PHL,JPN,327.0
PHL,KHM,327.0
PHL,LAO,327.0
PHL,NZL,327.0
PHL,PRK,11.0
PHL,THA,327.0
PHL,TTO,11.0
PHL,VEN,11.0
PHL,VNM,327.0
PRK,THA,11.0
PRK,TTO,11.0
PRK,VEN,11.0
PRK,VNM,11.0
PRY,URY,150.0
PRY,VEN,37.0
THA,AUS,327.0
THA,BRN,327.0
THA,CHN,327.0
THA,HKG,128.0
THA,JPN,327.0
THA,KHM,327.0
THA,LAO,327.0
THA,NZL,327.0
THA,TTO,11.0
THA,VEN,11.0
THA,VNM,327.0
TTO,ATG,132.0
TTO,BHS,132.0
TTO,BLZ,132.0
TTO,BRB,132.0
TTO,DMA,132.0
TTO,GRD,132.0
TTO,HTI,132.0
TTO,JAM,132.0
TTO,KNA,132.0
TTO,LCA,132.0
TTO,MSR,132.0
TTO,SUR,132.0
TTO,VCT,132.0
TTO,VEN,11.0
TTO,VNM,11.0
URY,VEN,37.0
VEN,VNM,11.0
VNM,ARM,258.0
VNM,AUS,545.0
VNM,BLR,258.0
VNM,BRN,545.0
VNM,CAN,545.0
VNM,CHN,327.0
VNM,HKG,128.0
VNM,JPN,545.0
VNM,KAZ,258.0
VNM,KGZ,258.0
VNM,KHM,327.0
VNM,LAO,327.0
VNM,NZL,545.0
VNM,RUS,258.0
ARM,AZE,108.0
ARM,BLR,214.0
ARM,GEO,108.0
ARM,KAZ,214.0
ARM,KGZ,214.0
ARM,RUS,214.0
ARM,TJK,108.0
ARM,TKM,108.0
ARM,UKR,108.0
ARM,UZB,108.0
AZE,BLR,108.0
AZE,GEO,108.0
AZE,KAZ,108.0
AZE,KGZ,108.0
AZE,RUS,39.0
AZE,TJK,108.0
AZE,TKM,108.0
AZE,UKR,108.0
AZE,UZB,108.0
BLR,GEO,108.0
BLR,KAZ,214.0
BLR,KGZ,214.0
BLR,RUS,214.0
BLR,TJK,108.0
BLR,TKM,108.0
BLR,UKR,108.0
BLR,UZB,108.0
GEO,CHN,191.0
GEO,HKG,201.0
GEO,KAZ,108.0
GEO,KGZ,108.0
GEO,RUS,40.0
GEO,TJK,108.0
GEO,TKM,108.0
GEO,UKR,108.0
GEO,UZB,108.0
KAZ,KGZ,214.0
KAZ,RUS,214.0
KAZ,TJK,108.0
KAZ,TKM,108.0
KAZ,UKR,108.0
KAZ,UZB,108.0
KGZ,RUS,214.0
KGZ,TJK,108.0
KGZ,TKM,108.0
KGZ,UKR,108.0
KGZ,UZB,108.0
RUS,TJK,48.0
RUS,TKM,37.0
RUS,UKR,48.0
RUS,UZB,31.0
TJK,TKM,108.0
TJK,UKR,108.0
TJK,UZB,108.0
TKM,UKR,108.0
TKM,UZB,108.0
UKR,CAN,222.0
UKR,UZB,108.0
ATG,BHS,132.0
ATG,BLZ,132.0
ATG,BRB,132.0
ATG,DMA,132.0
ATG,GRD,132.0
ATG,HTI,132.0
ATG,JAM,132.0
ATG,KNA,132.0
ATG,LCA,132.0
ATG,MSR,132.0
ATG,SUR,132.0
ATG,VCT,132.0
BHS,BLZ,132.0
BHS,BRB,132.0
BHS,DMA,132.0
BHS,GRD,132.0
BHS,HTI,132.0
BHS,JAM,132.0
BHS,KNA,132.0
BHS,LCA,132.0
BHS,MSR,132.0
BHS,SUR,132.0
BHS,VCT,132.0
BLZ,BRB,132.0
BLZ,DMA,132.0
BLZ,GRD,132.0
BLZ,HTI,132.0
BLZ,JAM,132.0
BLZ,KNA,132.0
BLZ,LCA,132.0
BLZ,MSR,132.0
BLZ,SUR,132.0
BLZ,VCT,132.0
BRB,DMA,132.0
BRB,GRD,132.0
BRB,HTI,132.0
BRB,JAM,132.0
BRB,KNA,132.0
BRB,LCA,132.0
BRB,MSR,132.0
BRB,SUR,132.0
BRB,VCT,132.0
DMA,GRD,132.0
DMA,HTI,132.0
DMA,JAM,132.0
DMA,KNA,132.0
DMA,LCA,132.0
DMA,MSR,132.0
DMA,SUR,132.0
DMA,VCT,132.0
GRD,HTI,132.0
GRD,JAM,132.0
GRD,KNA,132.0
GRD,LCA,132.0
GRD,MSR,132.0
GRD,SUR,132.0
GRD,VCT,132.0
HTI,JAM,132.0
HTI,KNA,132.0
HTI,LCA,132.0
HTI,MSR,132.0
HTI,SUR,132.0
HTI,VCT,132.0
JAM,KNA,132.0
JAM,LCA,132.0
JAM,MSR,132.0
JAM,SUR,132.0
JAM,VCT,132.0
KNA,LCA,132.0
KNA,MSR,132.0
KNA,SUR,132.0
KNA,VCT,132.0
LCA,MSR,132.0
LCA,SUR,132.0
LCA,VCT,132.0
MSR,SUR,132.0
MSR,VCT,132.0
SUR,VCT,132.0
AUS,BRN,545.0
AUS,CAN,545.0
AUS,CHN,327.0
AUS,COK,17.0
AUS,FJI,17.0
AUS,FSM,17.0
AUS,HKG,288.0
AUS,JPN,545.0
AUS,KHM,327.0
AUS,KIR,17.0
AUS,LAO,327.0
AUS,MHL,17.0
AUS,NIU,17.0
AUS,NRU,17.0
AUS,PNG,17.0
AUS,SLB,17.0
AUS,TON,17.0
AUS,TUV,17.0
AUS,USA,329.0
AUS,VUT,17.0
AUS,WSM,17.0
AUS,NZL,545.0
BRN,CAN,545.0
BRN,CHN,327.0
BRN,HKG,128.0
BRN,JPN,545.0
BRN,KHM,327.0
BRN,LAO,327.0
BRN,NZL,545.0
CAN,CRI,145.0
CAN,HND,311.0
CAN,JPN,545.0
CAN,NZL,545.0
CAN,PAN,301.0
CAN,USA,548.0
CHN,CRI,157.0
CHN,HKG,47.0
CHN,JPN,327.0
CHN,KHM,327.0
CHN,LAO,327.0
CHN,MAC,46.0
CHN,NZL,327.0
COK,FJI,36.0
COK,FSM,36.0
COK,KIR,36.0
COK,MHL,17.0
COK,NIU,36.0
COK,NRU,36.0
COK,NZL,17.0
COK,PNG,36.0
COK,SLB,36.0
COK,TON,36.0
COK,TUV,36.0
COK,VUT,36.0
COK,WSM,36.0
FJI,FSM,36.0
FJI,KIR,36.0
FJI,MHL,17.0
FJI,NIU,36.0
FJI,NRU,36.0
FJI,NZL,17.0
FJI,PNG,36.0
FJI,SLB,36.0
FJI,TON,36.0
FJI,TUV,36.0
FJI,VUT,36.0
FJI,WSM,36.0
FSM,KIR,36.0
FSM,MHL,17.0
FSM,NIU,36.0
FSM,NRU,36.0
FSM,NZL,17.0
FSM,PNG,36.0
FSM,SLB,36.0
FSM,TON,36.0
FSM,TUV,36.0
FSM,VUT,36.0
FSM,WSM,36.0
HKG,KHM,128.0
HKG,LAO,128.0
HKG,MAC,44.0
HKG,NZL,183.0
JPN,KHM,327.0
JPN,LAO,327.0
JPN,MNG,240.0
JPN,NZL,545.0
KHM,LAO,327.0
KHM,NZL,327.0
KIR,MHL,17.0
KIR,NIU,36.0
KIR,NRU,36.0
KIR,NZL,17.0
KIR,PNG,36.0
KIR,SLB,36.0
KIR,TON,36.0
KIR,TUV,36.0
KIR,VUT,36.0
KIR,WSM,36.0
LAO,NZL,327.0
MHL,NIU,17.0
MHL,NRU,17.0
MHL,NZL,17.0
MHL,PNG,17.0
MHL,SLB,17.0
MHL,TON,17.0
MHL,TUV,17.0
MHL,VUT,17.0
MHL,WSM,17.0
NIU,NRU,36.0
NIU,NZL,17.0
NIU,PNG,36.0
NIU,SLB,36.0
NIU,TON,36.0
NIU,TUV,36.0
NIU,VUT,36.0
NIU,WSM,36.0
NRU,NZL,17.0
NRU,PNG,36.0
NRU,SLB,36.0
NRU,TON,36.0
NRU,TUV,36.0
NRU,VUT,36.0
NRU,WSM,36.0
PNG,NZL,17.0
PNG,SLB,36.0
PNG,TON,36.0
PNG,TUV,36.0
PNG,VUT,36.0
PNG,WSM,36.0
SLB,NZL,17.0
SLB,TON,36.0
SLB,TUV,36.0
SLB,VUT,36.0
SLB,WSM,36.0
TON,NZL,17.0
TON,TUV,36.0
TON,VUT,36.0
TON,WSM,36.0
TUV,NZL,17.0
TUV,VUT,36.0
TUV,WSM,36.0
USA,CRI,318.0
USA,DOM,318.0
USA,GTM,318.0
USA,HND,318.0
USA,PAN,340.0
USA,SLV,318.0
VUT,NZL,17.0
VUT,WSM,36.0
WSM,NZL,17.0
CRI,DOM,318.0
CRI,GTM,318.0
CRI,HND,400.0
CRI,SLV,400.0
CRI,PAN,400.0
DOM,GTM,318.0
DOM,HND,318.0
DOM,PAN,29.0
DOM,SLV,318.0
GTM,HND,318.0
GTM,PAN,210.0
GTM,SLV,318.0
GTM,TWN,200.0
HND,PAN,400.0
HND,SLV,400.0
PAN,SLV,400.0
PAN,TWN,235.0
NZL,TWN,294.0
